SID,input,Family,Scientific_name,code
1,0,Triakidae,Mustelus manazo,#027_Triakidae_Mustelus_manazo
2,0,Triakidae,Triakis scyllium,#027_Triakidae_Triakis_scyllium
3,0,Carcharhinidae,Carcharhinus limbatus,#029_Carcharhinidae_Carcharhinus_limbatus
4,0,Carcharhinidae,Carcharhinus tjutjot,#029_Carcharhinidae_Carcharhinus_tjutjot
5,0,Carcharhinidae,Negaprion acutidens,#029_Carcharhinidae_Negaprion_acutidens
6,0,Sphyrnidae,Sphyrna lewini,#030_Sphyrnidae_Sphyrna_lewini
7,0,Rajidae,Raja pulchra,#048_Rajidae_Raja_pulchra
8,0,Urolophidae,Urolophus aurantiacus,#053_Urolophidae_Urolophus_aurantiacus
9,0,Dasyatidae,Dasyatidae sp1,#055_Dasyatidae_Dasyatidae_sp1
10,1,Dasyatidae,Hemitrygon akajei,#055_Dasyatidae_Hemitrygon_akajei
11,0,Dasyatidae,Hemitrygon laevigatus,#055_Dasyatidae_Hemitrygon_laevigatus
12,0,Dasyatidae,Hemitrygon matsubarai,#055_Dasyatidae_Hemitrygon_matsubarai
13,0,Dasyatidae,Maculabatis sp cf microphthalma,#055_Dasyatidae_Maculabatis_sp_cf_microphthalma
14,0,Dasyatidae,Pastinachus sephen,#055_Dasyatidae_Pastinachus_sephen
15,0,Potamotrygonidae,Taeniura meyeni,#056_Potamotrygonidae_Taeniura_meyeni
16,0,Gymnuridae,Aetoplatea zonura,#057_Gymnuridae_Aetoplatea_zonura
17,0,Gymnuridae,Gymnura japonica,#057_Gymnuridae_Gymnura_japonica
18,1,Myliobatidae,Aetobatus narutobiei,#058_Myliobatidae_Aetobatus_narutobiei
19,0,Myliobatidae,Aetobatus ocellatus,#058_Myliobatidae_Aetobatus_ocellatus
20,0,Myliobatidae,Rhinoptera javanica,#058_Myliobatidae_Rhinoptera_javanica
21,0,Acipenseridae,Huso huso,#060_Acipenseridae_Huso_huso
22,0,Elopidae,Elops hawaiensis,#069_Elopidae_Elops_hawaiensis
23,0,Megalopidae,Megalops cyprinoides,#070_Megalopidae_Megalops_cyprinoides
24,1,Anguillidae,Anguilla japonica,#074_Anguillidae_Anguilla_japonica
25,1,Anguillidae,Anguilla marmorata,#074_Anguillidae_Anguilla_marmorata
26,0,Moringuidae,Moringuidae sp,#076_Moringuidae_Moringuidae_sp
27,1,Muraenidae,Anarchias seychellensis,#079_Muraenidae_Anarchias_seychellensis
28,0,Muraenidae,Anarchias sp1,#079_Muraenidae_Anarchias_sp1
29,0,Muraenidae,Anarchias sp2,#079_Muraenidae_Anarchias_sp2
30,0,Muraenidae,Anarchias sp3,#079_Muraenidae_Anarchias_sp3
31,0,Muraenidae,Anarchias sp4,#079_Muraenidae_Anarchias_sp4
32,1,Muraenidae,Echidna nebulosa,#079_Muraenidae_Echidna_nebulosa
33,1,Muraenidae,Echidna polyzona,#079_Muraenidae_Echidna_polyzona
34,1,Muraenidae,Enchelycore so cf anatina,#079_Muraenidae_Enchelycore_pardalis
35,0,Muraenidae,Enchelynassa sp cf canina,#079_Muraenidae_Enchelycore_sp_cf_anatina
36,1,Muraenidae,Gymnomuraena zebra,#079_Muraenidae_Enchelynassa_sp_cf_canina
37,1,Muraenidae,Gymnothorax buroensis,#079_Muraenidae_Gymnomuraena_zebra
38,1,Muraenidae,Gymnothorax chilospilus,#079_Muraenidae_Gymnothorax_buroensis
39,1,Muraenidae,Gymnothorax enigmaticus,#079_Muraenidae_Gymnothorax_chilospilus
40,1,Muraenidae,Gymnothorax flavimarginatus,#079_Muraenidae_Gymnothorax_enigmaticus
41,0,Muraenidae,Gymnothorax fuscomaculatus,#079_Muraenidae_Gymnothorax_flavimarginatus
42,0,Muraenidae,Gymnothorax intesi,#079_Muraenidae_Gymnothorax_fuscomaculatus
43,0,Muraenidae,Gymnothorax isingteena,#079_Muraenidae_Gymnothorax_intesi
44,1,Muraenidae,Gymnothorax javanicus,#079_Muraenidae_Gymnothorax_isingteena
45,1,Muraenidae,Gymnothorax kidako,#079_Muraenidae_Gymnothorax_javanicus
46,1,Muraenidae,Gymnothorax meleagris,#079_Muraenidae_Gymnothorax_kidako
47,0,Muraenidae,Gymnothorax phasmatodes,#079_Muraenidae_Gymnothorax_meleagris
48,1,Muraenidae,Gymnothorax pictus,#079_Muraenidae_Gymnothorax_phasmatodes
49,0,Muraenidae,Gymnothorax pindae,#079_Muraenidae_Gymnothorax_pictus
50,0,Muraenidae,Gymnothorax pseudothyrsoideus,#079_Muraenidae_Gymnothorax_pindae
51,0,Muraenidae,Gymnothorax sp cf bacalladoi,#079_Muraenidae_Gymnothorax_pseudothyrsoideus
52,1,Muraenidae,Gymnothorax sp cf eurostus,#079_Muraenidae_Gymnothorax_sp_cf_bacalladoi
53,1,Muraenidae,Gymnothorax sp cf kidako,#079_Muraenidae_Gymnothorax_sp_cf_eurostus
54,1,Muraenidae,Gymnothorax sp2,#079_Muraenidae_Gymnothorax_sp_cf_kidako
55,0,Muraenidae,Gymnothorax sp3,#079_Muraenidae_Gymnothorax_sp2
56,1,Muraenidae,Gymnothorax thyrsoideus,#079_Muraenidae_Gymnothorax_sp3
57,1,Muraenidae,Muraena pardalis,#079_Muraenidae_Gymnothorax_thyrsoideus
58,0,Muraenidae,Muraenidae sp1,#079_Muraenidae_Muraenidae_sp1
59,1,Muraenidae,Muraenidae sp2,#079_Muraenidae_Muraenidae_sp2
60,1,Muraenidae,Uropterygius micropterus,#079_Muraenidae_Uropterygius_micropterus
61,1,Muraenidae,Uropterygius sp1,#079_Muraenidae_Uropterygius_sp1
62,0,Muraenidae,Uropterygius sp2,#079_Muraenidae_Uropterygius_sp2
63,0,Muraenidae,Uropterygius sp3,#079_Muraenidae_Uropterygius_sp3
64,0,Muraenidae,Uropterygius sp4,#079_Muraenidae_Uropterygius_sp4
65,1,Muraenidae,Uropterygius sp5,#079_Muraenidae_Uropterygius_sp5
66,0,Ophichthidae,Bascanichthys sp,#081_Ophichthidae_Bascanichthys_sp
67,0,Ophichthidae,Leiuranus semicinctus,#081_Ophichthidae_Leiuranus_semicinctus
68,0,Ophichthidae,Myrichthys maculosus,#081_Ophichthidae_Myrichthys_maculosus
69,0,Ophichthidae,Myrophinae sp2,#081_Ophichthidae_Myrophinae_sp2
70,0,Ophichthidae,Ophichthidae sp,#081_Ophichthidae_Ophichthidae_sp
71,0,Ophichthidae,Ophisurus macrorhynchos,#081_Ophichthidae_Ophisurus_macrorhynchos
72,1,Ophichthidae,Pisodonophis cancrivorus,#081_Ophichthidae_Pisodonophis_cancrivorus
73,0,Ophichthidae,Scolecenchelys fuscogularis,#081_Ophichthidae_Scolecenchelys_fuscogularis
74,0,Ophichthidae,Scolecenchelys macroptera,#081_Ophichthidae_Scolecenchelys_macroptera
75,0,Ophichthidae,Yirrkala misolensis,#081_Ophichthidae_Yirrkala_misolensis
76,1,Muraenesocidae,Muraenesox cinereus,#084_Muraenesocidae_Muraenesox_cinereus
77,0,Congridae,Conger jordani,#086_Congridae_Conger_jordani_{outgroup}
78,0,Congridae,Conger myriaster,#086_Congridae_Conger_myriaster_{outgroup}
79,0,Congridae,Gnathophis heterognathos,#086_Congridae_Gnathophis_heterognathos
80,1,Engraulidae,Encrasicholina punctifer,#095_Engraulidae_Encrasicholina_punctifer
81,1,Engraulidae,Engraulis japonica,#095_Engraulidae_Engraulis_japonica
82,1,Clupeidae,Clupea pallasii,#097_Clupeidae_Clupea_pallasii
83,1,Clupeidae,Etrumeus micropus,#097_Clupeidae_Etrumeus_micropus
84,1,Clupeidae,Herklotsichthys quadrimaculatus,#097_Clupeidae_Herklotsichthys_quadrimaculatus
85,1,Clupeidae,Ilisha elongata,#097_Clupeidae_Ilisha_elongata
86,1,Clupeidae,Konosirus punctatus,#097_Clupeidae_Konosirus_punctatus
87,1,Clupeidae,Nematalosa come,#097_Clupeidae_Nematalosa_come
88,0,Clupeidae,Nematalosa japonica,#097_Clupeidae_Nematalosa_japonica
89,0,Clupeidae,Sardinella hualiensis,#097_Clupeidae_Sardinella_hualiensis
90,1,Clupeidae,Sardinella zunasi,#097_Clupeidae_Sardinella_zunasi
91,1,Clupeidae,Sardinops melanostictus,#097_Clupeidae_Sardinops_melanostictus
92,1,Clupeidae,Spratelloides delicatulus,#097_Clupeidae_Spratelloides_delicatulus
93,1,Clupeidae,Spratelloides gracilis,#097_Clupeidae_Spratelloides_gracilis
94,1,Clupeidae,Spratelloides sp,#097_Clupeidae_Spratelloides_sp
95,1,Chanidae,Chanos chanos,#098_Chanidae_Chanos_chanos
96,1,Cyprinidae,Tribolodon brandtii brandtii,#102_Cyprinidae_Tribolodon_brandtii_brandtii
97,1,Cyprinidae,Tribolodon brandtii maruta,#102_Cyprinidae_Tribolodon_brandtii_maruta
98,1,Cyprinidae,Tribolodon hakonensis,#102_Cyprinidae_Tribolodon_hakonensis
99,1,Plotosidae,Plotosus japonicus,#151_Plotosidae_Plotosus_japonicus
100,1,Osmeridae,Hypomesus japonicus,#172_Osmeridae_Hypomesus_japonicus
101,1,Osmeridae,Hypomesus olidus,#172_Osmeridae_Hypomesus_olidus
102,0,Osmeridae,Mallotus villosus,#172_Osmeridae_Mallotus_villosus
103,1,Osmeridae,Osmerus dentex,#172_Osmeridae_Osmerus_dentex
104,1,Osmeridae,Plecoglossus altivelis altivelis,#172_Osmeridae_Plecoglossus_altivelis_altivelis
105,1,Osmeridae,Salangichthys ishikawae,#172_Osmeridae_Salangichthys_ishikawae
106,0,Osmeridae,Spirinchus lanceolatus,#172_Osmeridae_Spirinchus_lanceolatus
107,0,Salmonidae,Oncorhynchus gorbuscha,#175_Salmonidae_Oncorhynchus_gorbuscha
108,1,Salmonidae,Oncorhynchus keta,#175_Salmonidae_Oncorhynchus_keta
109,1,Salmonidae,Oncorhynchus masou,#175_Salmonidae_Oncorhynchus_masou
110,0,Salmonidae,Oncorhynchus mykiss,#175_Salmonidae_Oncorhynchus_mykiss
111,0,Salmonidae,Oncorhynchus nerka,#175_Salmonidae_Oncorhynchus_nerka
112,1,Salmonidae,Salvelinus leucomaenis leucomaenis,#175_Salmonidae_Salvelinus_leucomaenis_leucomaenis
113,0,Salmonidae,Salvelinus malma,#175_Salmonidae_Salvelinus_malma
114,1,Synodontidae,Saurida elongata,#187_Synodontidae_Saurida_elongata
115,0,Synodontidae,Saurida gracilis,#187_Synodontidae_Saurida_gracilis
116,0,Synodontidae,Saurida macrolepis,#187_Synodontidae_Saurida_macrolepis
117,0,Synodontidae,Saurida sp1,#187_Synodontidae_Saurida_sp1
118,1,Synodontidae,Saurida sp2,#187_Synodontidae_Saurida_sp2
119,1,Synodontidae,Saurida sp3,#187_Synodontidae_Saurida_sp3
120,0,Synodontidae,Saurida wanieso,#187_Synodontidae_Synodus_sp
121,0,Synodontidae,Synodus dermatogenys,#187_Synodontidae_Saurida_wanieso
122,0,Synodontidae,Synodus sp1,#187_Synodontidae_Synodus_ulae
123,1,Synodontidae,Synodus ulae,#187_Synodontidae_Synodus_dermatogenys
124,1,Synodontidae,Synodus variegatus,#187_Synodontidae_Synodus_variegatus
125,1,Gadidae,Eleginus gracilis,#220_Gadidae_Eleginus_gracilis
126,0,Carapidae,Carapidae sp,#221_Carapidae_Carapidae_sp
127,1,Ophidiidae,Brotula multibarbata,#222_Ophidiidae_Brotula_multibarbata
128,0,Bythitidae,Alionematichthys riukiuensis,#223_Bythitidae_Alionematichthys_riukiuensis
129,0,Bythitidae,Alionematichthys sp1,#223_Bythitidae_Alionematichthys_sp1
130,0,Bythitidae,Alionematichthys sp3,#223_Bythitidae_Alionematichthys_sp3
131,0,Bythitidae,Alionematichthys sp4,#223_Bythitidae_Alionematichthys_sp4
132,0,Bythitidae,Alionematichthys sp5,#223_Bythitidae_Alionematichthys_sp5
133,1,Lophiidae,Lophiomus setigerus,#227_Lophiidae_Lophiomus_setigerus
134,1,Lophiidae,Lophius litulon,#227_Lophiidae_Lophius_litulon
135,0,Antennariidae,Antennarius sp2,#228_Antennariidae_Antennarius_sp2
136,0,Antennariidae,Antennarius striatus,#228_Antennariidae_Antennarius_striatus
137,0,Antennariidae,Histrio histrio,#228_Antennariidae_Histrio_histrio
138,0,Ogcocephalidae,Halieutaea stellata,#233_Ogcocephalidae_Halieutaea_stellata
139,1,Mugilidae,Chelon affinis,#245_Mugilidae_Chelon_haematocheilus
140,1,Mugilidae,Chelon haematocheilus,#245_Mugilidae_Chelon_affinis
141,1,Mugilidae,Chelon macrolepis,#245_Mugilidae_Chelon_macrolepis
142,0,Mugilidae,Chelon sp,#245_Mugilidae_Chelon_sp
143,1,Mugilidae,Crenimugil crenilabis,#245_Mugilidae_Crenimugil_crenilabis
144,0,Mugilidae,Crenimugil sp,#245_Mugilidae_Crenimugil_sp
145,1,Mugilidae,Ellochelon vaigiensis,#245_Mugilidae_Ellochelon_vaigiensis
146,1,Mugilidae,Moolgarda pedaraki,#245_Mugilidae_Moolgarda_pedaraki
147,1,Mugilidae,Moolgarda seheli,#245_Mugilidae_Moolgarda_seheli
148,1,Mugilidae,Mugil cephalus cephalus,#245_Mugilidae_Mugil_cephalus_cephalus
149,0,Mugilidae,Mugilidae sp,#245_Mugilidae_Mugilidae_sp
150,1,Mugilidae,Oedalechilus labiosus,#245_Mugilidae_Oedalechilus_labiosus
151,1,Notocheiridae,Iso flosmaris,#247_Notocheiridae_Iso_flosmaris
152,1,Notocheiridae,Iso hawaiiensis,#247_Notocheiridae_Iso_hawaiiensis
153,1,Atherinidae,Atherina lunata,#251_Atherinidae_Atherina_lunata
154,1,Atherinidae,Atherina woodwardi,#251_Atherinidae_Atherina_woodwardi
155,1,Atherinidae,Atherinomorus lacunosus,#251_Atherinidae_Atherinomorus_lacunosus
156,0,Atherinidae,Atherinomorus regina,#251_Atherinidae_Atherinomorus_regina
157,1,Atherinidae,Atherion elymus,#251_Atherinidae_Atherion_elymus
158,1,Atherinidae,Atherion sp1,#251_Atherinidae_Atherion_sp1
159,0,Atherinidae,Atherion sp2,#251_Atherinidae_Atherion_sp2
160,1,Atherinidae,Hypoatherina panatela,#251_Atherinidae_Hypoatherina_panatela
161,1,Atherinidae,Hypoatherina sp1,#251_Atherinidae_Hypoatherina_sp1
162,1,Atherinidae,Hypoatherina sp2,#251_Atherinidae_Hypoatherina_sp2
163,1,Atherinidae,Hypoatherina temminckii,#251_Atherinidae_Hypoatherina_temminckii
164,1,Atherinidae,Hypoatherina tsurugae,#251_Atherinidae_Hypoatherina_tsurugae
165,1,Atherinidae,Hypoatherina valenciennei,#251_Atherinidae_Hypoatherina_valenciennei
166,0,Exocoetidae,Cypselurus  doederleini spp complex,#253_Exocoetidae_Cypselurus_doederleini_spp_complex
167,1,Exocoetidae,Cypselurus agoo,#253_Exocoetidae_Cypselurus_agoo
168,1,Exocoetidae,Cypselurus cyanopterus,#253_Exocoetidae_Cypselurus_cyanopterus
169,0,Exocoetidae,Cypselurus pinnatibarbatus spp complex,#253_Exocoetidae_Cypselurus_pinnatibarbatus_spp_complex
170,0,Exocoetidae,Cypselurus sp,#253_Exocoetidae_Cypselurus_sp
171,1,Exocoetidae,Exocoetus volitans,#253_Exocoetidae_Exocoetus_volitans
172,0,Exocoetidae,Hirundichthys oxycephalus,#253_Exocoetidae_Hirundichthys_oxycephalus
173,0,Exocoetidae,Oxyporhamphus micropterus micropterus,#253_Exocoetidae_Oxyporhamphus_micropterus_micropterus
174,1,Exocoetidae,Parexocoetus brachypterus,#253_Exocoetidae_Parexocoetus_brachypterus
175,1,Hemiramphidae,Hemiramphidae sp,#254_Hemiramphidae_Hemiramphidae_sp
176,0,Hemiramphidae,Hemiramphus far,#254_Hemiramphidae_Hemiramphus_far
177,0,Hemiramphidae,Hemiramphus lutkei,#254_Hemiramphidae_Hemiramphus_lutkei
178,1,Hemiramphidae,Hyporhamphus sajori,#254_Hemiramphidae_Hyporhamphus_sajori
179,0,Hemiramphidae,Hyporhamphus sp cf yuri,#254_Hemiramphidae_Hyporhamphus_sp_cf_yuri
180,1,Belonidae,Ablennes hians,#255_Belonidae_Ablennes_hians
181,1,Belonidae,Belonidae sp,#255_Belonidae_Belonidae_sp
182,1,Belonidae,Strongylura anastomella,#255_Belonidae_Strongylura_anastomella
183,1,Belonidae,Strongylura incisa,#255_Belonidae_Strongylura_incisa
184,1,Belonidae,Tylosurus acus melanotus,#255_Belonidae_Tylosurus_acus_melanotus
185,1,Belonidae,Tylosurus crocodilus crocodilus,#255_Belonidae_Tylosurus_crocodilus_crocodilus
186,0,Monocentridae,Monocentris japonica,#279_Monocentridae_Monocentris_japonica
187,1,Holocentridae,Myripristis berndti,#282_Holocentridae_Myripristis_berndti
188,1,Holocentridae,Myripristis greenfieldi,#282_Holocentridae_Myripristis_greenfieldi
189,0,Holocentridae,Myripristis kochiensis,#282_Holocentridae_Myripristis_kochiensis
190,0,Holocentridae,Myripristis pralinia,#282_Holocentridae_Myripristis_pralinia
191,0,Holocentridae,Myripristis sp1,#282_Holocentridae_Myripristis_sp1
192,0,Holocentridae,Myripristis sp2,#282_Holocentridae_Myripristis_sp2
193,0,Holocentridae,Myripristis violacea,#282_Holocentridae_Myripristis_violacea
194,1,Holocentridae,Neoniphon sammara,#282_Holocentridae_Neoniphon_sammara
195,0,Holocentridae,Ostichthys kaianus,#282_Holocentridae_Ostichthys_kaianus
196,0,Holocentridae,Ostichthys sp,#282_Holocentridae_Ostichthys_sp
197,0,Holocentridae,Sargocentron caudimaculatum,#282_Holocentridae_Sargocentron_caudimaculatum
198,0,Holocentridae,Sargocentron diadema,#282_Holocentridae_Sargocentron_diadema
199,1,Holocentridae,Sargocentron ittodai,#282_Holocentridae_Sargocentron_ittodai
200,1,Holocentridae,Sargocentron praslin,#282_Holocentridae_Sargocentron_praslin
201,1,Holocentridae,Sargocentron punctatissimum,#282_Holocentridae_Sargocentron_punctatissimum
202,0,Holocentridae,Sargocentron sp,#282_Holocentridae_Sargocentron_sp
203,0,Holocentridae,Sargocentron tiere,#282_Holocentridae_Sargocentron_tiere
204,0,Zeidae,Zeus faber,#288_Zeidae_Zeus_faber
205,1,Hypoptychidae,Hypoptychus dybowskii,#289_Hypoptychidae_Hypoptychus_dybowskii
206,1,Aulorhynchidae,Aulichthys japonicus,#290_Aulorhynchidae_Aulichthys_japonicus
207,1,Gasterosteidae,Gasterosteus aculeatus,#291_Gasterosteidae_Gasterosteus_aculeatus
208,0,Gasterosteidae,Pungitius sp,#291_Gasterosteidae_Pungitius_sp
209,0,Syngnathidae,Corythoichthys haematopterus,#295_Syngnathidae_Corythoichthys_haematopterus
210,0,Syngnathidae,Corythoichthys sp2 cf haematopterus,#295_Syngnathidae_Corythoichthys_sp2_cf_haematopterus
211,0,Syngnathidae,Hippichthys cyanospilos,#295_Syngnathidae_Hippichthys_cyanospilos
212,0,Syngnathidae,Hippichthys sp,#295_Syngnathidae_Hippichthys_sp
213,1,Syngnathidae,Hippocampus coronatus,#295_Syngnathidae_Hippocampus_coronatus
214,1,Syngnathidae,Hippocampus mohnikei,#295_Syngnathidae_Hippocampus_mohnikei
215,0,Syngnathidae,Hippocampus sp,#295_Syngnathidae_Hippocampus_sp
216,0,Syngnathidae,Syngnathidae sp1,#295_Syngnathidae_Syngnathidae_sp1
217,0,Syngnathidae,Syngnathidae sp2,#295_Syngnathidae_Syngnathidae_sp2
218,1,Syngnathidae,Syngnathus schlegeli,#295_Syngnathidae_Syngnathus_schlegeli
219,1,Fistulariidae,Fistularia commersonii,#297_Fistulariidae_Fistularia_commersonii
220,0,Fistulariidae,Fistularia petimba,#297_Fistulariidae_Fistularia_petimba
221,0,Centriscidae,Aeoliscus strigatus,#299_Centriscidae_Aeoliscus_strigatus
222,0,Scorpaenidae,Ablabys taenianotus,#304_Scorpaenidae_Ablabys_taenianotus
223,1,Scorpaenidae,Dendrochirus zebra,#304_Scorpaenidae_Dendrochirus_zebra
224,1,Scorpaenidae,Inimicus japonicus,#304_Scorpaenidae_Inimicus_japonicus
225,0,Scorpaenidae,Minous monodactylus,#304_Scorpaenidae_Minous_monodactylus
226,1,Scorpaenidae,Paracentropogon rubripinnis,#304_Scorpaenidae_Paracentropogon_rubripinnis
227,0,Scorpaenidae,Parascorpaena aurita,#304_Scorpaenidae_Parascorpaena_aurita
228,1,Scorpaenidae,Parascorpaena mossambica,#304_Scorpaenidae_Parascorpaena_mossambica
229,0,Scorpaenidae,Pterois antennata,#304_Scorpaenidae_Pterois_antennata
230,0,Scorpaenidae,Pterois radiata,#304_Scorpaenidae_Pterois_radiata
231,0,Scorpaenidae,Pterois volitans,#304_Scorpaenidae_Pterois_volitans
232,1,Scorpaenidae,Scorpaena miostoma,#304_Scorpaenidae_Scorpaena_miostoma
233,1,Scorpaenidae,Scorpaenidae sp2,#304_Scorpaenidae_Scorpaenidae_sp2
234,0,Scorpaenidae,Scorpaenidae sp3,#304_Scorpaenidae_Scorpaenidae_sp3
235,0,Scorpaenidae,Scorpaenidae sp4,#304_Scorpaenidae_Scorpaenidae_sp4
236,1,Scorpaenidae,Scorpaenodes evides,#304_Scorpaenidae_Scorpaenodes_evides
237,1,Scorpaenidae,Scorpaenodes guamensis,#304_Scorpaenidae_Scorpaenodes_guamensis
238,0,Scorpaenidae,Scorpaenodes kelloggi,#304_Scorpaenidae_Scorpaenodes_kelloggi
239,1,Scorpaenidae,Scorpaenopsis cirrosa,#304_Scorpaenidae_Scorpaenopsis_cirrosa
240,0,Scorpaenidae,Scorpaenopsis neglecta,#304_Scorpaenidae_Scorpaenopsis_neglecta
241,0,Scorpaenidae,Scorpaenopsis ramaraoi,#304_Scorpaenidae_Scorpaenopsis_ramaraoi
242,0,Scorpaenidae,Scorpaenopsis sp,#304_Scorpaenidae_Scorpaenopsis_sp
243,0,Scorpaenidae,Sebastapistes cyanostigma,#304_Scorpaenidae_Sebastapistes_cyanostigma
244,1,Scorpaenidae,Sebastapistes tinkhami,#304_Scorpaenidae_Sebastapistes_tinkhami
245,0,Scorpaenidae,Sebastes spp complex,#304_Scorpaenidae_Sebastes_spp_complex
246,1,Scorpaenidae,Sebastiscus marmoratus,#304_Scorpaenidae_Sebastiscus_marmoratus
247,0,Scorpaenidae,Sebastiscus tertius,#304_Scorpaenidae_Sebastiscus_tertius
248,1,Scorpaenidae,Synanceia verrucosa,#304_Scorpaenidae_Synanceia_verrucosa
249,0,Aploactinidae,Cocotropus sp,#306_Aploactinidae_Cocotropus_sp
250,0,Triglidae,Chelidonichthys spinosus,#310_Triglidae_Chelidonichthys_spinosus
251,0,Platycephalidae,Cociella crocodila,#313_Platycephalidae_Cociella_crocodila
252,1,Platycephalidae,Onigocia spinosa,#313_Platycephalidae_Onigocia_spinosa
253,0,Platycephalidae,Platycephalidae sp,#313_Platycephalidae_Platycephalidae_sp
254,1,Platycephalidae,Platycephalus sp1,#313_Platycephalidae_Platycephalus_sp1
255,0,Platycephalidae,Platycephalus sp2,#313_Platycephalidae_Platycephalus_sp2
256,0,Hexagrammidae,Hexagrammos agrammus spp complex,#316_Hexagrammidae_Hexagrammos_agrammus_spp_complex
257,1,Hexagrammidae,Hexagrammos otakii,#316_Hexagrammidae_Hexagrammos_otakii
258,1,Hexagrammidae,Pleurogrammus azonus,#316_Hexagrammidae_Pleurogrammus_azonus
259,1,Cottidae,Alcichthys elongatus,#320_Cottidae_Alcichthys_elongatus
260,0,Cottidae,Argyrocottus zanderi,#320_Cottidae_Argyrocottus_zanderi
261,1,Cottidae,Ascelichthys sp,#320_Cottidae_Ascelichthys_sp
262,0,Cottidae,Astrocottus matsubarae,#320_Cottidae_Astrocottus_matsubarae
263,1,Cottidae,Bero elegans,#320_Cottidae_Bero_elegans
264,1,Cottidae,Cottus amblystomopsis,#320_Cottidae_Cottus_amblystomopsis
265,1,Cottidae,Enophrys diceraus,#320_Cottidae_Enophrys_diceraus
266,0,Cottidae,Gymnocanthus herzensteini,#320_Cottidae_Gymnocanthus_herzensteini
267,1,Cottidae,Gymnocanthus intermedius,#320_Cottidae_Gymnocanthus_intermedius
268,0,Cottidae,Hemilepidotus gilberti,#320_Cottidae_Hemilepidotus_gilberti
269,1,Cottidae,Icelinus pietschi,#320_Cottidae_Icelinus_pietschi
270,1,Cottidae,Microcottus sellaris,#320_Cottidae_Microcottus_sellaris
271,0,Cottidae,Myoxocephalus brandti,#320_Cottidae_Myoxocephalus_brandti
272,0,Cottidae,Myoxocephalus stelleri spp complex,#320_Cottidae_Myoxocephalus_stelleri_spp_complex
273,0,Cottidae,Ocynectes maschalis,#320_Cottidae_Ocynectes_maschalis
274,0,Cottidae,Ocynectes modestus,#320_Cottidae_Ocynectes_modestus
275,1,Cottidae,Porocottus allisi,#320_Cottidae_Porocottus_allisi
276,1,Cottidae,Porocottus coronatus,#320_Cottidae_Porocottus_coronatus
277,0,Cottidae,Porocottus sp,#320_Cottidae_Porocottus_sp
278,0,Cottidae,Porocottus sp cf camtschaticus,#320_Cottidae_Porocottus_sp_cf_camtschaticus
279,0,Cottidae,Porocottus tentaculatus,#320_Cottidae_Porocottus_tentaculatus
280,0,Cottidae,Radulinopsis derjavini,#320_Cottidae_Radulinopsis_derjavini
281,0,Cottidae,Radulinopsis taranetzi,#320_Cottidae_Radulinopsis_taranetzi
282,0,Cottidae,Triglops scepticus,#320_Cottidae_Triglops_scepticus
283,1,Hemitripteridae,Blepsias cirrhosus,#323_Hemitripteridae_Blepsias_cirrhosus
284,1,Hemitripteridae,Hemitripterus villosus,#323_Hemitripteridae_Hemitripterus_villosus
285,0,Agonidae,Bathyagonus occidentalis,#324_Agonidae_Bathyagonus_occidentalis
286,1,Agonidae,Brachyopsis rostratua,#324_Agonidae_Brachyopsis_rostratua
287,0,Agonidae,Tilesina gibbosa,#324_Agonidae_Tilesina_gibbosa
288,1,Cyclopteridae,Aptocyclus ventricosus,#327_Cyclopteridae_Aptocyclus_ventricosus
289,0,Cyclopteridae,Lethopterus awae,#327_Cyclopteridae_Lethopterus_awae
290,1,Liparidae,Liparis agassizii,#328_Liparidae_Liparis_agassizii
291,0,Liparidae,Liparis greeni,#328_Liparidae_Liparis_greeni
292,1,Liparidae,Liparis miostomus,#328_Liparidae_Liparis_miostomus
293,1,Liparidae,Liparis punctulatus,#328_Liparidae_Liparis_punctulatus
294,1,Liparidae,Liparis sp cf cyclopus,#328_Liparidae_Liparis_sp_cf_cyclopus
295,0,Liparidae,Liparis tanakae,#328_Liparidae_Liparis_tanakae
296,0,Liparidae,Liparis tessellatus,#328_Liparidae_Liparis_tessellatus
297,0,Latidae,Psammoperca waigiensis,#331_Latidae_Psammoperca_waigiensis
298,1,Moronidae,Lateolabrax japonicus,#332_Moronidae_Lateolabrax_japonicus
299,1,Moronidae,Lateolabrax latus,#332_Moronidae_Lateolabrax_latus
300,1,Moronidae,Lateolabrax maculatus,#332_Moronidae_Lateolabrax_maculatus
301,1,Serranidae,Cephalopholis argus,#338_Serranidae_Cephalopholis_argus
302,1,Serranidae,Cephalopholis urodeta,#338_Serranidae_Cephalopholis_urodeta
303,0,Serranidae,Chelidoperca hirundinacea,#338_Serranidae_Chelidoperca_hirundinacea
304,1,Serranidae,Epinephelus akaara,#338_Serranidae_Epinephelus_akaara
305,1,Serranidae,Epinephelus areolatus,#338_Serranidae_Epinephelus_areolatus
306,0,Serranidae,Epinephelus awoara,#338_Serranidae_Epinephelus_awoara
307,1,Serranidae,Epinephelus fasciatus,#338_Serranidae_Epinephelus_fasciatus
308,1,Serranidae,Epinephelus hexagonatus,#338_Serranidae_Epinephelus_hexagonatus
309,0,Serranidae,Epinephelus howlandi,#338_Serranidae_Epinephelus_howlandi
310,1,Serranidae,Epinephelus merra,#338_Serranidae_Epinephelus_merra
311,1,Serranidae,Epinephelus moara,#338_Serranidae_Epinephelus_moara
312,0,Serranidae,Epinephelus polyphekadion,#338_Serranidae_Epinephelus_polyphekadion
313,0,Serranidae,Epinephelus radiatus,#338_Serranidae_Epinephelus_radiatus
314,1,Serranidae,Epinephelus sp cf merra,#338_Serranidae_Epinephelus_sp_cf_merra
315,1,Serranidae,Epinephelus sp cf trimaculatus,#338_Serranidae_Epinephelus_sp_cf_trimaculatus
316,1,Serranidae,Epinephelus tauvina,#338_Serranidae_Epinephelus_tauvina
317,0,Serranidae,Epinephelus trimaculatus,#338_Serranidae_Epinephelus_trimaculatus
318,1,Serranidae,Grammistes sexlineatus,#338_Serranidae_Grammistes_sexlineatus
319,0,Serranidae,Plectropomus laevis,#338_Serranidae_Plectropomus_laevis
320,1,Serranidae,Plectropomus leopardus,#338_Serranidae_Plectropomus_leopardus
321,0,Serranidae,Pseudanthias sp,#338_Serranidae_Pseudanthias_sp
322,1,Serranidae,Pseudanthias squamipinnis,#338_Serranidae_Pseudanthias_squamipinnis
323,0,Serranidae,Pseudogramma polyacantha,#338_Serranidae_Pseudogramma_polyacantha
324,0,Serranidae,Pseudogramma sp1,#338_Serranidae_Pseudogramma_sp1
325,0,Serranidae,Sacura margaritacea,#338_Serranidae_Sacura_margaritacea
326,0,Serranidae,Variola albimarginata,#338_Serranidae_Variola_albimarginata
327,0,Pseudochromidae,Amsichthys sp,#342_Pseudochromidae_Amsichthys_sp
328,1,Pseudochromidae,Labracinus cyclophthalmus,#342_Pseudochromidae_Labracinus_cyclophthalmus
329,1,Pseudochromidae,Labracinus sp,#342_Pseudochromidae_Labracinus_sp
330,1,Pseudochromidae,Pseudochromis cyanotaenia,#342_Pseudochromidae_Pseudochromis_cyanotaenia
331,0,Pseudochromidae,Pseudochromis marshallensis,#342_Pseudochromidae_Pseudochromis_marshallensis
332,0,Pseudochromidae,Pseudochromis sp,#342_Pseudochromidae_Pseudochromis_sp
333,1,Pseudochromidae,Pseudochromis sp cf tapeinosoma,#342_Pseudochromidae_Pseudochromis_sp_cf_tapeinosoma
334,0,Pseudochromidae,Pseudochromis tapeinosoma,#342_Pseudochromidae_Pseudochromis_tapeinosoma
335,1,Plesiopidae,Acanthoplesiops psilogaster,#344_Plesiopidae_Acanthoplesiops_psilogaster
336,0,Plesiopidae,Calloplesiops altivelis,#344_Plesiopidae_Calloplesiops_altivelis
337,1,Plesiopidae,Plesiops coeruleolineatus,#344_Plesiopidae_Plesiops_coeruleolineatus
338,0,Plesiopidae,Plesiops nakaharae,#344_Plesiopidae_Plesiops_nakaharae
339,0,Plesiopidae,Plesiops sp,#344_Plesiopidae_Plesiops_sp
340,0,Opistognathidae,Opistognathus iyonis,#346_Opistognathidae_Opistognathus_iyonis
341,0,Apogonidae,Apogon doryssa,#352_Apogonidae_Apogon_doryssa
342,1,Apogonidae,Apogon kominatoensis,#352_Apogonidae_Apogon_kominatoensis
343,0,Apogonidae,Apogon sp,#352_Apogonidae_Apogon_sp
344,0,Apogonidae,Apogon sp cf seminigracaudus,#352_Apogonidae_Apogon_sp_cf_seminigracaudus
345,1,Apogonidae,Apogon unicolor,#352_Apogonidae_Apogon_unicolor
346,0,Apogonidae,Apogonichthyoides melas,#352_Apogonidae_Apogonichthyoides_melas
347,0,Apogonidae,Apogonichthyoides niger,#352_Apogonidae_Apogonichthyoides_niger
348,1,Apogonidae,Apogonidae sp,#352_Apogonidae_Apogonidae_sp
349,0,Apogonidae,Apogonidae spp complex,#352_Apogonidae_Apogonidae_spp_complex
350,0,Apogonidae,Cercamia eremia,#352_Apogonidae_Cercamia_eremia
351,1,Apogonidae,Cheilodipterus quinquelineatus,#352_Apogonidae_Cheilodipterus_quinquelineatus
352,0,Apogonidae,Fowleria isostigma spp complex,#352_Apogonidae_Fowleria_isostigma_spp_complex
353,0,Apogonidae,Jaydia lineata,#352_Apogonidae_Jaydia_lineata
354,1,Apogonidae,Nectamia fusca,#352_Apogonidae_Nectamia_fusca
355,0,Apogonidae,Nectamia savayensis,#352_Apogonidae_Nectamia_savayensis
356,0,Apogonidae,Ostorhinchus compressus,#352_Apogonidae_Ostorhinchus_compressus
357,1,Apogonidae,Ostorhinchus cookii,#352_Apogonidae_Ostorhinchus_cookii
358,1,Apogonidae,Ostorhinchus doederleini,#352_Apogonidae_Ostorhinchus_doederleini
359,1,Apogonidae,Ostorhinchus endekataenia,#352_Apogonidae_Ostorhinchus_endekataenia
360,0,Apogonidae,Ostorhinchus ishigakiensis,#352_Apogonidae_Ostorhinchus_ishigakiensis
361,0,Apogonidae,Ostorhinchus kiensis,#352_Apogonidae_Ostorhinchus_kiensis
362,1,Apogonidae,Ostorhinchus notatus,#352_Apogonidae_Ostorhinchus_notatus
363,1,Apogonidae,Ostorhinchus novemfasciatus,#352_Apogonidae_Ostorhinchus_novemfasciatus
364,1,Apogonidae,Ostorhinchus properuptus,#352_Apogonidae_Ostorhinchus_properuptus
365,1,Apogonidae,Ostorhinchus semilineatus,#352_Apogonidae_Ostorhinchus_semilineatus
366,1,Apogonidae,Ostorhinchus sp cf cyanosoma,#352_Apogonidae_Ostorhinchus_sp_cf_cyanosoma
367,1,Apogonidae,Ostorhinchus sp1,#352_Apogonidae_Ostorhinchus_sp1
368,1,Apogonidae,Ostorhinchus sp2,#352_Apogonidae_Ostorhinchus_sp2
369,0,Apogonidae,Pristiapogon kallopterus,#352_Apogonidae_Pristiapogon_kallopterus
370,0,Apogonidae,Pristicon trimaculatus,#352_Apogonidae_Pristicon_trimaculatus
371,0,Apogonidae,Rhabdamia gracilis,#352_Apogonidae_Rhabdamia_gracilis
372,0,Apogonidae,Rhabdamia sp cf spilota,#352_Apogonidae_Rhabdamia_sp_cf_spilota
373,0,Apogonidae,Taeniamia kagoshimanus,#352_Apogonidae_Taeniamia_kagoshimanus
374,0,Apogonidae,Taeniamia zosterophora,#352_Apogonidae_Taeniamia_zosterophora
375,0,Apogonidae,Zoramia leptacantha,#352_Apogonidae_Zoramia_leptacantha
376,1,Sillaginidae,Sillago japonica,#354_Sillaginidae_Sillago_japonica
377,0,Sillaginidae,Sillago parvisquamis,#354_Sillaginidae_Sillago_parvisquamis
378,0,Sillaginidae,Sillago sp cf aeolus,#354_Sillaginidae_Sillago_sp_cf_aeolus
379,1,Malacanthidae,Branchiostegus japonicus,#355_Malacanthidae_Branchiostegus_japonicus
380,0,Malacanthidae,Hoplolatilus sp cf fronticinctus,#355_Malacanthidae_Hoplolatilus_sp_cf_fronticinctus
381,0,Malacanthidae,Malacanthus brevirostris,#355_Malacanthidae_Malacanthus_brevirostris
382,1,Scombropidae,Scombrops boops,#358_Scombropidae_Scombrops_boops
383,0,Scombropidae,Scombrops sp,#358_Scombropidae_Scombrops_sp
384,0,Coryphaenidae,Coryphaena hippurus,#361_Coryphaenidae_Coryphaena_hippurus
385,0,Echeneidae,Echeneis naucrates,#363_Echeneidae_Echeneis_naucrates
386,0,Carangidae,Alectis ciliaris,#364_Carangidae_Alectis_ciliaris
387,0,Carangidae,Alepes vari,#364_Carangidae_Alepes_vari
388,0,Carangidae,Carangoides ferdau,#364_Carangidae_Carangoides_ferdau
389,0,Carangidae,Carangoides orthogrammus,#364_Carangidae_Carangoides_orthogrammus
390,1,Carangidae,Caranx ignobilis,#364_Carangidae_Caranx_ignobilis
391,1,Carangidae,Caranx melampygus,#364_Carangidae_Caranx_melampygus
392,1,Carangidae,Caranx papuensis,#364_Carangidae_Caranx_papuensis
393,0,Carangidae,Caranx sexfasciatus-tille spp comoplex,#364_Carangidae_Caranx_sexfasciatus-tille_spp_comoplex
394,1,Carangidae,Decapterus macarellus,#364_Carangidae_Decapterus_macarellus
395,0,Carangidae,Decapterus macrosoma,#364_Carangidae_Decapterus_macrosoma
396,1,Carangidae,Decapterus maruadsi,#364_Carangidae_Decapterus_maruadsi
397,0,Carangidae,Decapterus muroadsi,#364_Carangidae_Decapterus_muroadsi
398,1,Carangidae,Decapterus tabl,#364_Carangidae_Decapterus_tabl
399,0,Carangidae,Elagatis bipinnulata,#364_Carangidae_Elagatis_bipinnulata
400,0,Carangidae,Kaiwarinus equula,#364_Carangidae_Kaiwarinus_equula
401,0,Carangidae,Pseudocaranx dentex,#364_Carangidae_Pseudocaranx_dentex
402,1,Carangidae,Pseudocaranx sp cf dentex,#364_Carangidae_Pseudocaranx_sp_cf_dentex
403,0,Carangidae,Scomberoides lysan,#364_Carangidae_Scomberoides_lysan
404,1,Carangidae,Selar crumenophthalmus,#364_Carangidae_Selar_crumenophthalmus
405,1,Carangidae,Seriola aureovittata,#364_Carangidae_Seriola_aureovittata
406,1,Carangidae,Seriola dumerili,#364_Carangidae_Seriola_dumerili
407,1,Carangidae,Seriola quinqueradiata,#364_Carangidae_Seriola_quinqueradiata
408,1,Carangidae,Seriola rivoliana,#364_Carangidae_Seriola_rivoliana
409,1,Carangidae,Trachinotus baillonii,#364_Carangidae_Trachinotus_baillonii
410,1,Carangidae,Trachinotus blochii,#364_Carangidae_Trachinotus_blochii
411,1,Carangidae,Trachurus japonicus,#364_Carangidae_Trachurus_japonicus
412,1,Leiognathidae,Aurigequula fasciata,#366_Leiognathidae_Aurigequula_fasciata
413,0,Leiognathidae,Equulites popei,#366_Leiognathidae_Equulites_popei
414,1,Leiognathidae,Equulites rivulatus,#366_Leiognathidae_Equulites_rivulatus
415,1,Leiognathidae,Nuchequula nuchalis,#366_Leiognathidae_Nuchequula_nuchalis
416,0,Lutjanidae,Aphareus rutilans,#370_Lutjanidae_Aphareus_rutilans
417,0,Lutjanidae,Aprion virescens,#370_Lutjanidae_Aprion_virescens
418,1,Lutjanidae,Lutjanus argentimaculatus,#370_Lutjanidae_Lutjanus_argentimaculatus
419,1,Lutjanidae,Lutjanus bohar,#370_Lutjanidae_Lutjanus_bohar
420,1,Lutjanidae,Lutjanus decussatus,#370_Lutjanidae_Lutjanus_decussatus
421,1,Lutjanidae,Lutjanus fulviflamma,#370_Lutjanidae_Lutjanus_fulviflamma
422,1,Lutjanidae,Lutjanus fulvus,#370_Lutjanidae_Lutjanus_fulvus
423,0,Lutjanidae,Lutjanus malabaricus,#370_Lutjanidae_Lutjanus_malabaricus
424,1,Lutjanidae,Lutjanus ophuysenii,#370_Lutjanidae_Lutjanus_ophuysenii
425,1,Lutjanidae,Lutjanus rivulatus,#370_Lutjanidae_Lutjanus_rivulatus
426,1,Lutjanidae,Lutjanus russellii,#370_Lutjanidae_Lutjanus_russellii
427,1,Lutjanidae,Lutjanus sp1 cf russellii,#370_Lutjanidae_Lutjanus_sp1_cf_russellii
428,0,Lutjanidae,Lutjanus sp2 cf russellii,#370_Lutjanidae_Lutjanus_sp2_cf_russellii
429,0,Lutjanidae,Macolor niger,#370_Lutjanidae_Macolor_niger
430,0,Lutjanidae,Paracaesio xanthura,#370_Lutjanidae_Paracaesio_xanthura
431,1,Caesionidae,Caesio caerulaurea,#371_Caesionidae_Caesio_caerulaurea
432,0,Caesionidae,Caesio lunaris,#371_Caesionidae_Caesio_lunaris
433,0,Caesionidae,Caesio teres,#371_Caesionidae_Caesio_teres
434,1,Caesionidae,Pterocaesio marri,#371_Caesionidae_Pterocaesio_marri
435,1,Caesionidae,Pterocaesio sp cf marri,#371_Caesionidae_Pterocaesio_sp_cf_marri
436,1,Caesionidae,Pterocaesio tile,#371_Caesionidae_Pterocaesio_tile
437,0,Caesionidae,Pterocaesio trilineata,#371_Caesionidae_Pterocaesio_trilineata
438,0,Gerreidae,Gerres equulus-oyena spp complex,#373_Gerreidae_Gerres_equulus-oyena_spp_complex
439,0,Gerreidae,Gerres erythrourus,#373_Gerreidae_Gerres_erythrourus
440,0,Gerreidae,Gerres filamentosus,#373_Gerreidae_Gerres_filamentosus
441,0,Gerreidae,Gerres oblongus,#373_Gerreidae_Gerres_oblongus
442,1,Gerreidae,Gerres shima,#373_Gerreidae_Gerres_shima
443,1,Gerreidae,Gerres sp,#373_Gerreidae_Gerres_sp
444,1,Gerreidae,Gerres sp cf oblongus,#373_Gerreidae_Gerres_sp_cf_oblongus
445,1,Haemulidae,Diagramma pictum pictum,#374_Haemulidae_Diagramma_pictum_pictum
446,1,Haemulidae,Hapalogenys analis,#374_Haemulidae_Hapalogenys_analis
447,0,Haemulidae,Hapalogenys sennin,#374_Haemulidae_Hapalogenys_sennin
448,1,Haemulidae,Parapristipoma trilineatum,#374_Haemulidae_Parapristipoma_trilineatum
449,0,Haemulidae,Plectorhinchus chaetodonoides,#374_Haemulidae_Plectorhinchus_chaetodonoides
450,1,Haemulidae,Plectorhinchus cinctus,#374_Haemulidae_Plectorhinchus_cinctus
451,0,Haemulidae,Plectorhinchus flavomaculatus,#374_Haemulidae_Plectorhinchus_flavomaculatus
452,0,Haemulidae,Plectorhinchus gibbosus,#374_Haemulidae_Plectorhinchus_gibbosus
453,0,Haemulidae,Plectorhinchus lessonii,#374_Haemulidae_Plectorhinchus_lessonii
454,0,Haemulidae,Plectorhinchus lineatus,#374_Haemulidae_Plectorhinchus_lineatus
455,0,Haemulidae,Plectorhinchus picus,#374_Haemulidae_Plectorhinchus_picus
456,0,Haemulidae,Plectorhinchus unicolor,#374_Haemulidae_Plectorhinchus_unicolor
457,0,Haemulidae,Pomadasys sp,#374_Haemulidae_Pomadasys_sp
458,0,Nemipteridae,Nemipterus bathybius,#376_Nemipteridae_Nemipterus_bathybius
459,0,Nemipteridae,Parascolopsis inermis,#376_Nemipteridae_Parascolopsis_inermis
460,0,Nemipteridae,Scolopsis lineata-bilineata spp complex,#376_Nemipteridae_Scolopsis_lineata-bilineata_spp_complex
461,0,Nemipteridae,Scolopsis monogramma,#376_Nemipteridae_Scolopsis_monogramma
462,0,Nemipteridae,Scolopsis sp,#376_Nemipteridae_Scolopsis_sp
463,1,Lethrinidae,Gnathodentex aureolineatus,#377_Lethrinidae_Gnathodentex_aureolineatus
464,0,Lethrinidae,Gymnocranius griseus,#377_Lethrinidae_Gymnocranius_griseus
465,1,Lethrinidae,Lethrinus atkinsoni,#377_Lethrinidae_Lethrinus_atkinsoni
466,1,Lethrinidae,Lethrinus genivittatus,#377_Lethrinidae_Lethrinus_genivittatus
467,1,Lethrinidae,Lethrinus harak,#377_Lethrinidae_Lethrinus_harak
468,1,Lethrinidae,Lethrinus nebulosus,#377_Lethrinidae_Lethrinus_nebulosus
469,1,Lethrinidae,Lethrinus obsoletus,#377_Lethrinidae_Lethrinus_obsoletus
470,0,Lethrinidae,Lethrinus olivaceus,#377_Lethrinidae_Lethrinus_olivaceus
471,0,Lethrinidae,Lethrinus ornatus,#377_Lethrinidae_Lethrinus_ornatus
472,0,Lethrinidae,Lethrinus rubrioperculatus,#377_Lethrinidae_Lethrinus_rubrioperculatus
473,1,Lethrinidae,Lethrinus xanthochilus,#377_Lethrinidae_Lethrinus_xanthochilus
474,1,Sparidae,Acanthopagrus latus,#378_Sparidae_Acanthopagrus_latus
475,0,Sparidae,Acanthopagrus schlegelii-sivicolus spp complex,#378_Sparidae_Acanthopagrus_schlegelii-sivicolus_spp_complex
476,0,Sparidae,Acanthopagrus sp,#378_Sparidae_Acanthopagrus_sp
477,1,Sparidae,Dentex tumifrons,#378_Sparidae_Dentex_tumifrons
478,1,Sparidae,Evynnis tumifrons,#378_Sparidae_Evynnis_tumifrons
479,1,Sparidae,Pagrus major,#378_Sparidae_Pagrus_major
480,1,Sparidae,Rhabdosargus sarba,#378_Sparidae_Rhabdosargus_sarba
481,0,Polynemidae,Polydactylus plebeius,#380_Polynemidae_Polydactylus_plebeius
482,1,Polynemidae,Polydactylus sexfilis,#380_Polynemidae_Polydactylus_sexfilis
483,0,Sciaenidae,Argyrosomus japonicus,#381_Sciaenidae_Argyrosomus_japonicus
484,0,Sciaenidae,Atrobucca nibe,#381_Sciaenidae_Atrobucca_nibe
485,1,Sciaenidae,Nibea albiflora,#381_Sciaenidae_Nibea_albiflora
486,1,Sciaenidae,Nibea mitsukurii,#381_Sciaenidae_Nibea_mitsukurii
487,1,Sciaenidae,Pennahia argentata,#381_Sciaenidae_Pennahia_argentata
488,1,Mullidae,Mulloidichthys flavolineatus flavolineatus,#382_Mullidae_Mulloidichthys_flavolineatus_flavolineatus
489,1,Mullidae,Mulloidichthys vanicolensis,#382_Mullidae_Mulloidichthys_vanicolensis
490,0,Mullidae,Parupeneus barberinus,#382_Mullidae_Parupeneus_barberinus
491,1,Mullidae,Parupeneus ciliatus,#382_Mullidae_Parupeneus_ciliatus
492,1,Mullidae,Parupeneus cyclostomus,#382_Mullidae_Parupeneus_cyclostomus
493,1,Mullidae,Parupeneus indicus,#382_Mullidae_Parupeneus_indicus
494,0,Mullidae,Parupeneus insularis,#382_Mullidae_Parupeneus_insularis
495,1,Mullidae,Parupeneus multifasciatus,#382_Mullidae_Parupeneus_multifasciatus
496,0,Mullidae,Parupeneus pleurostigma,#382_Mullidae_Parupeneus_pleurostigma
497,0,Mullidae,Parupeneus sp,#382_Mullidae_Parupeneus_sp
498,0,Mullidae,Parupeneus spilurus,#382_Mullidae_Parupeneus_spilurus
499,0,Mullidae,Upeneus guttatus,#382_Mullidae_Upeneus_guttatus
500,1,Mullidae,Upeneus japonicus,#382_Mullidae_Upeneus_japonicus
501,1,Mullidae,Upeneus tragula,#382_Mullidae_Upeneus_tragula
502,0,Mullidae,Upeneus vittatus,#382_Mullidae_Upeneus_vittatus
503,1,Pempheridae,Parapriacanthus ransonneti,#383_Pempheridae_Parapriacanthus_ransonneti
504,1,Pempheridae,Pempheris adusta,#383_Pempheridae_Pempheris_adusta
505,1,Pempheridae,Pempheris japonica,#383_Pempheridae_Pempheris_japonica
506,0,Pempheridae,Pempheris nyctereutes,#383_Pempheridae_Pempheris_nyctereutes
507,1,Pempheridae,Pempheris oualensis,#383_Pempheridae_Pempheris_oualensis
508,1,Pempheridae,Pempheris schwenkii,#383_Pempheridae_Pempheris_schwenkii
509,0,Pempheridae,Pempheris vanicolensis,#383_Pempheridae_Pempheris_vanicolensis
510,0,Monodactylidae,Monodactylus argenteus,#387_Monodactylidae_Monodactylus_argenteus
511,1,Kyphosidae,Girella leonina,#391_Kyphosidae_Girella_leonina
512,1,Kyphosidae,Girella mezina,#391_Kyphosidae_Girella_mezina
513,1,Kyphosidae,Girella punctata,#391_Kyphosidae_Girella_punctata
514,1,Kyphosidae,Kyphosus bigibbus,#391_Kyphosidae_Kyphosus_bigibbus
515,1,Kyphosidae,Kyphosus cinerascens,#391_Kyphosidae_Kyphosus_cinerascens
516,1,Kyphosidae,Kyphosus pacificus,#391_Kyphosidae_Kyphosus_pacificus
517,1,Kyphosidae,Kyphosus vaigiensis,#391_Kyphosidae_Kyphosus_vaigiensis
518,1,Kyphosidae,Labracoglossa argenteiventris,#391_Kyphosidae_Labracoglossa_argenteiventris
519,1,Kyphosidae,Microcanthus strigatus,#391_Kyphosidae_Microcanthus_strigatus
520,1,Chaetodontidae,Chaetodon auriga,#393_Chaetodontidae_Chaetodon_auriga
521,1,Chaetodontidae,Chaetodon auripes,#393_Chaetodontidae_Chaetodon_auripes
522,1,Chaetodontidae,Chaetodon citrinellus,#393_Chaetodontidae_Chaetodon_citrinellus
523,1,Chaetodontidae,Chaetodon ephippium,#393_Chaetodontidae_Chaetodon_ephippium
524,0,Chaetodontidae,Chaetodon kleinii,#393_Chaetodontidae_Chaetodon_kleinii
525,1,Chaetodontidae,Chaetodon lunula,#393_Chaetodontidae_Chaetodon_lunula
526,1,Chaetodontidae,Chaetodon lunulatus,#393_Chaetodontidae_Chaetodon_lunulatus
527,0,Chaetodontidae,Chaetodon melannotus,#393_Chaetodontidae_Chaetodon_melannotus
528,1,Chaetodontidae,Chaetodon nippon,#393_Chaetodontidae_Chaetodon_nippon
529,1,Chaetodontidae,Chaetodon ornatissimus,#393_Chaetodontidae_Chaetodon_ornatissimus
530,0,Chaetodontidae,Chaetodon plebeius,#393_Chaetodontidae_Chaetodon_plebeius
531,0,Chaetodontidae,Chaetodon rafflesii,#393_Chaetodontidae_Chaetodon_rafflesii
532,0,Chaetodontidae,Chaetodon semilarvatus,#393_Chaetodontidae_Chaetodon_semilarvatus
533,0,Chaetodontidae,Chaetodon sp,#393_Chaetodontidae_Chaetodon_sp
534,0,Chaetodontidae,Chaetodon speculum,#393_Chaetodontidae_Chaetodon_speculum
535,0,Chaetodontidae,Chaetodon trifascialis,#393_Chaetodontidae_Chaetodon_trifascialis
536,1,Chaetodontidae,Chaetodon vagabundus,#393_Chaetodontidae_Chaetodon_vagabundus
537,0,Chaetodontidae,Forcipiger flavissimus,#393_Chaetodontidae_Forcipiger_flavissimus
538,0,Chaetodontidae,Heniochus chrysostomus,#393_Chaetodontidae_Heniochus_chrysostomus
539,0,Chaetodontidae,Heniochus sp,#393_Chaetodontidae_Heniochus_sp
540,0,Pomacanthidae,Apolemichthys trimaculatus,#394_Pomacanthidae_Apolemichthys_trimaculatus
541,1,Pomacanthidae,Centropyge heraldi,#394_Pomacanthidae_Centropyge_heraldi
542,0,Pomacanthidae,Centropyge interrupta,#394_Pomacanthidae_Centropyge_interrupta
543,1,Pomacanthidae,Centropyge vrolikii,#394_Pomacanthidae_Centropyge_vrolikii
544,0,Pomacanthidae,Chaetodontoplus mesoleucus,#394_Pomacanthidae_Chaetodontoplus_mesoleucus
545,1,Pomacanthidae,Chaetodontoplus septentrionalis,#394_Pomacanthidae_Chaetodontoplus_septentrionalis
546,0,Pomacanthidae,Chaetodontoplus sp,#394_Pomacanthidae_Chaetodontoplus_sp
547,0,Pomacanthidae,Genicanthus melanospilos,#394_Pomacanthidae_Genicanthus_melanospilos
548,0,Pomacanthidae,Genicanthus semifasciatus,#394_Pomacanthidae_Genicanthus_semifasciatus
549,0,Pomacanthidae,Paracentropyge venusta,#394_Pomacanthidae_Paracentropyge_venusta
550,1,Pomacanthidae,Pomacanthus semicirculatus,#394_Pomacanthidae_Pomacanthus_semicirculatus
551,0,Pomacanthidae,Pygoplites diacanthus,#394_Pomacanthidae_Pygoplites_diacanthus
552,0,Pentacerotidae,Evistias acutirostris,#396_Pentacerotidae_Evistias_acutirostris
553,0,Teraponidae,Pelates quadrilineatus,#399_Teraponidae_Pelates_quadrilineatus
554,1,Teraponidae,Rhynchopelates oxyrhynchus,#399_Teraponidae_Rhynchopelates_oxyrhynchus
555,1,Teraponidae,Terapon jarbua,#399_Teraponidae_Terapon_jarbua
556,0,Teraponidae,Terapon theraps,#399_Teraponidae_Terapon_theraps
557,0,Kuhliidae,Kuhlia marginata,#400_Kuhliidae_Kuhlia_marginata
558,1,Kuhliidae,Kuhlia mugil,#400_Kuhliidae_Kuhlia_mugil
559,0,Kuhliidae,Kuhlia rupestris,#400_Kuhliidae_Kuhlia_rupestris
560,1,Oplegnathidae,Oplegnathus fasciatus,#401_Oplegnathidae_Oplegnathus_fasciatus
561,1,Oplegnathidae,Oplegnathus punctatus,#401_Oplegnathidae_Oplegnathus_punctatus
562,0,Cirrhitidae,Cirrhitichthys aureus,#402_Cirrhitidae_Cirrhitichthys_aureus
563,1,Cirrhitidae,Cirrhitichthys sp,#402_Cirrhitidae_Cirrhitichthys_sp
564,0,Cirrhitidae,Cirrhitidae sp1,#402_Cirrhitidae_Cirrhitidae_sp1
565,0,Cirrhitidae,Cirrhitidae sp2,#402_Cirrhitidae_Cirrhitidae_sp2
566,1,Cirrhitidae,Cirrhitus pinnulatus pinnulatus,#402_Cirrhitidae_Cirrhitus_pinnulatus_pinnulatus
567,0,Cirrhitidae,Cirrhitus sp,#402_Cirrhitidae_Cirrhitus_sp
568,0,Cirrhitidae,Cyprinocirrhites polyactis,#402_Cirrhitidae_Cyprinocirrhites_polyactis
569,1,Cheilodactylidae,Goniistius zebra,#405_Cheilodactylidae_Goniistius_zebra
570,1,Cheilodactylidae,Goniistius zonatus,#405_Cheilodactylidae_Goniistius_zonatus
571,0,Embiotocidae,Ditrema jordani,#410_Embiotocidae_Ditrema_jordani
572,1,Embiotocidae,Ditrema temminckii pacificum,#410_Embiotocidae_Ditrema_temminckii_pacificum
573,1,Embiotocidae,Ditrema temminckii temminckii,#410_Embiotocidae_Ditrema_temminckii_temminckii
574,1,Embiotocidae,Neoditrema ransonnetii,#410_Embiotocidae_Neoditrema_ransonnetii
575,1,Pomacentridae,Abudefduf bengalensis,#411_Pomacentridae_Abudefduf_bengalensis
576,1,Pomacentridae,Abudefduf notatus,#411_Pomacentridae_Abudefduf_notatus
577,1,Pomacentridae,Abudefduf septemfasciatus,#411_Pomacentridae_Abudefduf_septemfasciatus
578,1,Pomacentridae,Abudefduf sordidus,#411_Pomacentridae_Abudefduf_sordidus
579,1,Pomacentridae,Abudefduf sp1,#411_Pomacentridae_Abudefduf_sp1
580,0,Pomacentridae,Abudefduf sp2,#411_Pomacentridae_Abudefduf_sp2
581,1,Pomacentridae,Abudefduf vaigiensis,#411_Pomacentridae_Abudefduf_vaigiensis
582,1,Pomacentridae,Amblyglyphidodon curacao,#411_Pomacentridae_Amblyglyphidodon_curacao
583,0,Pomacentridae,Amblyglyphidodon leucogaster,#411_Pomacentridae_Amblyglyphidodon_leucogaster
584,0,Pomacentridae,Amphiprion clarkii,#411_Pomacentridae_Amphiprion_clarkii
585,1,Pomacentridae,Cheiloprion labiatus,#411_Pomacentridae_Cheiloprion_labiatus
586,1,Pomacentridae,Chromis notata,#411_Pomacentridae_Chromis_notata
587,1,Pomacentridae,Chrysiptera biocellata,#411_Pomacentridae_Chrysiptera_biocellata
588,1,Pomacentridae,Chrysiptera brownriggii,#411_Pomacentridae_Chrysiptera_brownriggii
589,1,Pomacentridae,Chrysiptera cyanea,#411_Pomacentridae_Chrysiptera_cyanea
590,1,Pomacentridae,Chrysiptera glauca,#411_Pomacentridae_Chrysiptera_glauca
591,1,Pomacentridae,Chrysiptera rex,#411_Pomacentridae_Chrysiptera_rex
592,1,Pomacentridae,Chrysiptera unimaculata,#411_Pomacentridae_Chrysiptera_unimaculata
593,0,Pomacentridae,Dischistodus prosopotaenia,#411_Pomacentridae_Dischistodus_prosopotaenia
594,0,Pomacentridae,Neoglyphidodon nigroris,#411_Pomacentridae_Neoglyphidodon_nigroris
595,0,Pomacentridae,Neopomacentrus taeniurus,#411_Pomacentridae_Neopomacentrus_taeniurus
596,1,Pomacentridae,Plectroglyphidodon dickii,#411_Pomacentridae_Plectroglyphidodon_dickii
597,1,Pomacentridae,Plectroglyphidodon imparipennis,#411_Pomacentridae_Plectroglyphidodon_imparipennis
598,1,Pomacentridae,Plectroglyphidodon lacrymatus,#411_Pomacentridae_Plectroglyphidodon_lacrymatus
599,1,Pomacentridae,Plectroglyphidodon leucozonus,#411_Pomacentridae_Plectroglyphidodon_leucozonus
600,0,Pomacentridae,Pomacentridae sp1,#411_Pomacentridae_Pomacentridae_sp1
601,0,Pomacentridae,Pomacentridae sp2,#411_Pomacentridae_Pomacentridae_sp2
602,1,Pomacentridae,Pomacentrus albicaudatus,#411_Pomacentridae_Pomacentrus_albicaudatus
603,0,Pomacentridae,Pomacentrus alexanderae,#411_Pomacentridae_Pomacentrus_alexanderae
604,0,Pomacentridae,Pomacentrus amboinensis,#411_Pomacentridae_Pomacentrus_amboinensis
605,1,Pomacentridae,Pomacentrus bankanensis,#411_Pomacentridae_Pomacentrus_bankanensis
606,1,Pomacentridae,Pomacentrus chrysurus,#411_Pomacentridae_Pomacentrus_chrysurus
607,1,Pomacentridae,Pomacentrus coelestis,#411_Pomacentridae_Pomacentrus_coelestis
608,0,Pomacentridae,Pomacentrus lepidogenys,#411_Pomacentridae_Pomacentrus_lepidogenys
609,0,Pomacentridae,Pomacentrus moluccensis,#411_Pomacentridae_Pomacentrus_moluccensis
610,1,Pomacentridae,Pomacentrus nagasakiensis,#411_Pomacentridae_Pomacentrus_nagasakiensis
611,0,Pomacentridae,Pomacentrus philippinus,#411_Pomacentridae_Pomacentrus_philippinus
612,0,Pomacentridae,Pomacentrus sp1 cf taeniometopon,#411_Pomacentridae_Pomacentrus_sp1_cf_taeniometopon
613,0,Pomacentridae,Pomacentrus sp2 cf taeniometopon,#411_Pomacentridae_Pomacentrus_sp2_cf_taeniometopon
614,1,Pomacentridae,Pomachromis richardsoni,#411_Pomacentridae_Pomachromis_richardsoni
615,1,Pomacentridae,Stegastes albifasciatus,#411_Pomacentridae_Stegastes_albifasciatus
616,1,Pomacentridae,Stegastes fasciolatus,#411_Pomacentridae_Stegastes_fasciolatus
617,1,Pomacentridae,Stegastes insularis,#411_Pomacentridae_Stegastes_insularis
618,1,Pomacentridae,Stegastes nigricans,#411_Pomacentridae_Stegastes_nigricans
619,1,Pomacentridae,Stegastes sp,#411_Pomacentridae_Stegastes_sp
620,1,Labridae,Anampses caeruleopunctatus,#412_Labridae_Anampses_caeruleopunctatus
621,0,Labridae,Anampses geographicus,#412_Labridae_Anampses_geographicus
622,0,Labridae,Anampses meleagrides,#412_Labridae_Anampses_meleagrides
623,0,Labridae,Cheilinus trilobatus,#412_Labridae_Cheilinus_trilobatus
624,0,Labridae,Cheilinus undulatus,#412_Labridae_Cheilinus_undulatus
625,0,Labridae,Choerodon anchorago,#412_Labridae_Choerodon_anchorago
626,1,Labridae,Choerodon azurio,#412_Labridae_Choerodon_azurio
627,0,Labridae,Choerodon schoenleinii,#412_Labridae_Choerodon_schoenleinii
628,0,Labridae,Cirrhilabrus temminckii,#412_Labridae_Cirrhilabrus_temminckii
629,1,Labridae,Coris aygula,#412_Labridae_Coris_aygula
630,0,Labridae,Coris gaimard,#412_Labridae_Coris_gaimard
631,0,Labridae,Cymolutes torquatus,#412_Labridae_Cymolutes_torquatus
632,1,Labridae,Gomphosus varius,#412_Labridae_Gomphosus_varius
633,0,Labridae,Halichoeres argus,#412_Labridae_Halichoeres_argus
634,0,Labridae,Halichoeres margaritaceus,#412_Labridae_Halichoeres_margaritaceus
635,1,Labridae,Halichoeres marginatus,#412_Labridae_Halichoeres_marginatus
636,0,Labridae,Halichoeres melanochir,#412_Labridae_Halichoeres_melanochir
637,0,Labridae,Halichoeres melanurus,#412_Labridae_Halichoeres_melanurus
638,1,Labridae,Halichoeres poecilopterus,#412_Labridae_Halichoeres_poecilopterus
639,0,Labridae,Halichoeres scapularis,#412_Labridae_Halichoeres_scapularis
640,0,Labridae,Halichoeres sp cf nebulosus,#412_Labridae_Halichoeres_sp_cf_nebulosus
641,1,Labridae,Halichoeres tenuispinis,#412_Labridae_Halichoeres_tenuispinis
642,1,Labridae,Halichoeres trimaculatus,#412_Labridae_Halichoeres_trimaculatus
643,1,Labridae,Hemigymnus fasciatus,#412_Labridae_Hemigymnus_fasciatus
644,0,Labridae,Hemigymnus melapterus,#412_Labridae_Hemigymnus_melapterus
645,0,Labridae,Hologymnosus doliatus,#412_Labridae_Hologymnosus_doliatus
646,0,Labridae,Iniistius dea,#412_Labridae_Iniistius_dea
647,0,Labridae,Labridae sp,#412_Labridae_Labridae_sp
648,1,Labridae,Labroides dimidiatus,#412_Labridae_Labroides_dimidiatus
649,0,Labridae,Labropsis manabei,#412_Labridae_Labropsis_manabei
650,0,Labridae,Macropharyngodon meleagris,#412_Labridae_Macropharyngodon_meleagris
651,0,Labridae,Novaculichthys taeniourus,#412_Labridae_Novaculichthys_taeniourus
652,0,Labridae,Novaculoides macrolepidotus,#412_Labridae_Novaculoides_macrolepidotus
653,0,Labridae,Novaculops sciistius,#412_Labridae_Novaculops_sciistius
654,0,Labridae,Oxycheilinus bimaculatus,#412_Labridae_Oxycheilinus_bimaculatus
655,0,Labridae,Oxycheilinus celebicus,#412_Labridae_Oxycheilinus_celebicus
656,0,Labridae,Oxycheilinus unifasciatus,#412_Labridae_Oxycheilinus_unifasciatus
657,0,Labridae,Pseudocoris sp cf yamashiroi,#412_Labridae_Pseudocoris_sp_cf_yamashiroi
658,0,Labridae,Pseudodax moluccanus,#412_Labridae_Pseudodax_moluccanus
659,1,Labridae,Pseudolabrus eoethinus,#412_Labridae_Pseudolabrus_eoethinus
660,1,Labridae,Pseudolabrus sieboldi,#412_Labridae_Pseudolabrus_sieboldi
661,1,Labridae,Pteragogus aurigarius,#412_Labridae_Pteragogus_aurigarius
662,1,Labridae,Semicossyphus reticulatus,#412_Labridae_Semicossyphus_reticulatus
663,1,Labridae,Stethojulis bandanensis,#412_Labridae_Stethojulis_bandanensis
664,1,Labridae,Stethojulis interrupta terina,#412_Labridae_Stethojulis_interrupta_terina
665,1,Labridae,Stethojulis strigiventer,#412_Labridae_Stethojulis_strigiventer
666,1,Labridae,Stethojulis trilineata,#412_Labridae_Stethojulis_trilineata
667,1,Labridae,Suezichthys gracilis,#412_Labridae_Suezichthys_gracilis
668,1,Labridae,Thalassoma amblycephalum,#412_Labridae_Thalassoma_amblycephalum
669,1,Labridae,Thalassoma cupido,#412_Labridae_Thalassoma_cupido
670,1,Labridae,Thalassoma hardwicke,#412_Labridae_Thalassoma_hardwicke
671,1,Labridae,Thalassoma jansenii,#412_Labridae_Thalassoma_jansenii
672,1,Labridae,Thalassoma lunare,#412_Labridae_Thalassoma_lunare
673,1,Labridae,Thalassoma lutescens,#412_Labridae_Thalassoma_lutescens
674,1,Labridae,Thalassoma purpureum,#412_Labridae_Thalassoma_purpureum
675,1,Labridae,Thalassoma quinquevittatum,#412_Labridae_Thalassoma_quinquevittatum
676,1,Labridae,Thalassoma trilobatum,#412_Labridae_Thalassoma_trilobatum
677,1,Scaridae,Calotomus japonicus,#414_Scaridae_Calotomus_japonicus
678,0,Scaridae,Calotomus so cf carolinus,#414_Scaridae_Calotomus_so_cf_carolinus
679,1,Scaridae,Calotomus spinidens,#414_Scaridae_Calotomus_spinidens
680,1,Scaridae,Chlorurus bowersi,#414_Scaridae_Chlorurus_bowersi
681,0,Scaridae,Chlorurus frontalis,#414_Scaridae_Chlorurus_frontalis
682,1,Scaridae,Chlorurus japanensis,#414_Scaridae_Chlorurus_japanensis
683,1,Scaridae,Chlorurus microrhinos,#414_Scaridae_Chlorurus_microrhinos
684,1,Scaridae,Chlorurus sordidus,#414_Scaridae_Chlorurus_sordidus
685,1,Scaridae,Hipposcarus longiceps,#414_Scaridae_Hipposcarus_longiceps
686,0,Scaridae,Leptoscarus vaigiensis,#414_Scaridae_Leptoscarus_vaigiensis
687,1,Scaridae,Scarus altipinnis,#414_Scaridae_Scarus_altipinnis
688,0,Scaridae,Scarus dimidiatus-frenatus spp complex,#414_Scaridae_Scarus_dimidiatus-frenatus_spp_complex
689,1,Scaridae,Scarus festivus,#414_Scaridae_Scarus_festivus
690,1,Scaridae,Scarus forsteni,#414_Scaridae_Scarus_forsteni
691,1,Scaridae,Scarus ghobban,#414_Scaridae_Scarus_ghobban
692,0,Scaridae,Scarus hypselopterus,#414_Scaridae_Scarus_hypselopterus
693,1,Scaridae,Scarus niger,#414_Scaridae_Scarus_niger
694,1,Scaridae,Scarus oviceps,#414_Scaridae_Scarus_oviceps
695,1,Scaridae,Scarus ovifrons,#414_Scaridae_Scarus_ovifrons
696,1,Scaridae,Scarus prasiognathos,#414_Scaridae_Scarus_prasiognathos
697,1,Scaridae,Scarus psittacus,#414_Scaridae_Scarus_psittacus
698,0,Scaridae,Scarus quoyi,#414_Scaridae_Scarus_quoyi
699,1,Scaridae,Scarus rivulatus,#414_Scaridae_Scarus_rivulatus
700,1,Scaridae,Scarus rubroviolaceus,#414_Scaridae_Scarus_rubroviolaceus
701,1,Scaridae,Scarus schlegeli,#414_Scaridae_Scarus_schlegeli
702,1,Scaridae,Scarus spinus,#414_Scaridae_Scarus_spinus
703,0,Zoarcidae,Davidjordania sp,#416_Zoarcidae_Davidjordania_sp
704,1,Zoarcidae,Zoarces elongatus,#416_Zoarcidae_Zoarces_elongatus
705,0,Stichaeidae,Alectrias benjamini-alectrolophus spp complex,#417_Stichaeidae_Alectrias_benjamini-alectrolophus_spp_complex
706,0,Stichaeidae,Anisarchus sp cf medius,#417_Stichaeidae_Anisarchus_sp_cf_medius
707,1,Stichaeidae,Anoplarchus sp,#417_Stichaeidae_Anoplarchus_sp
708,1,Stichaeidae,Chirolophis japonicus,#417_Stichaeidae_Chirolophis_japonicus
709,1,Stichaeidae,Chirolophis saitone,#417_Stichaeidae_Chirolophis_saitone
710,1,Stichaeidae,Dictyosoma burgeri form a1,#417_Stichaeidae_Dictyosoma_burgeri_form_a1
711,1,Stichaeidae,Dictyosoma burgeri form a2,#417_Stichaeidae_Dictyosoma_burgeri_form_a2
712,1,Stichaeidae,Dictyosoma burgeri form b,#417_Stichaeidae_Dictyosoma_burgeri_form_b
713,1,Stichaeidae,Dictyosoma rubrimaculatum,#417_Stichaeidae_Dictyosoma_rubrimaculatum
714,1,Stichaeidae,Ernogrammus hexagrammus,#417_Stichaeidae_Ernogrammus_hexagrammus
715,1,Stichaeidae,Eumesogrammus praecisus,#417_Stichaeidae_Eumesogrammus_praecisus
716,0,Stichaeidae,Lumpenus sp,#417_Stichaeidae_Lumpenus_sp
717,1,Stichaeidae,Neozoarces steindachneri,#417_Stichaeidae_Neozoarces_steindachneri
718,1,Stichaeidae,Opisthocentrus ocellatus,#417_Stichaeidae_Opisthocentrus_ocellatus
719,1,Stichaeidae,Opisthocentrus tenuis,#417_Stichaeidae_Opisthocentrus_tenuis
720,1,Stichaeidae,Opisthocentrus zonope,#417_Stichaeidae_Opisthocentrus_zonope
721,1,Stichaeidae,Pholidapus dybowskii,#417_Stichaeidae_Pholidapus_dybowskii
722,1,Stichaeidae,Pseudalectrias tarasovi,#417_Stichaeidae_Pseudalectrias_tarasovi
723,1,Stichaeidae,Stichaeidae sp,#417_Stichaeidae_Stichaeidae_sp
724,1,Stichaeidae,Stichaeopsis epallax,#417_Stichaeidae_Stichaeopsis_epallax
725,1,Stichaeidae,Stichaeopsis nana,#417_Stichaeidae_Stichaeopsis_nana
726,1,Stichaeidae,Stichaeopsis sp,#417_Stichaeidae_Stichaeopsis_sp
727,1,Stichaeidae,Stichaeus grigorjewi,#417_Stichaeidae_Stichaeus_grigorjewi
728,0,Stichaeidae,Stichaeus punctatus,#417_Stichaeidae_Stichaeus_punctatus
729,1,Stichaeidae,Zoarchias glaber,#417_Stichaeidae_Zoarchias_glaber
730,1,Stichaeidae,Zoarchias neglectus,#417_Stichaeidae_Zoarchias_neglectus
731,1,Stichaeidae,Zoarchias veneficus,#417_Stichaeidae_Zoarchias_veneficus
732,1,Pholidae,Pholis crassispina,#419_Pholidae_Pholis_crassispina
733,1,Pholidae,Pholis nebulosa,#419_Pholidae_Pholis_nebulosa
734,1,Pholidae,Pholis sp cf crassispina,#419_Pholidae_Pholis_sp_cf_crassispina
735,1,Pholidae,Rhodymenichthys dolichogaster,#419_Pholidae_Rhodymenichthys_dolichogaster
736,1,Trichodontidae,Arctoscopus japonicus,#434_Trichodontidae_Arctoscopus_japonicus
737,1,Pinguipedidae,Parapercis cylindrica,#435_Pinguipedidae_Parapercis_cylindrica
738,0,Pinguipedidae,Parapercis diplospilus,#435_Pinguipedidae_Parapercis_diplospilus
739,1,Pinguipedidae,Parapercis pulchella,#435_Pinguipedidae_Parapercis_pulchella
740,1,Pinguipedidae,Parapercis snyderi,#435_Pinguipedidae_Parapercis_snyderi
741,0,Trichonotidae,Trichonotus sp,#437_Trichonotidae_Trichonotus_sp
742,0,Creediidae,Limnichthys fasciatus,#438_Creediidae_Limnichthys_fasciatus
743,0,Creediidae,Myopsaron nelsoni,#438_Creediidae_Myopsaron_nelsoni
744,0,Ammodytidae,Ammodytes hexapterus,#441_Ammodytidae_Ammodytes_hexapterus
745,1,Ammodytidae,Ammodytes personatus,#441_Ammodytidae_Ammodytes_personatus
746,0,Uranoscopidae,Uranoscopus chinensis,#443_Uranoscopidae_Uranoscopus_chinensis
747,0,Uranoscopidae,Uranoscopus japonicus,#443_Uranoscopidae_Uranoscopus_japonicus
748,1,Tripterygiidae,Enneapterygius etheostomus,#445_Tripterygiidae_Enneapterygius_etheostomus
749,1,Tripterygiidae,Enneapterygius leucopunctatus,#445_Tripterygiidae_Enneapterygius_leucopunctatus
750,1,Tripterygiidae,Enneapterygius miyakensis,#445_Tripterygiidae_Enneapterygius_miyakensis
751,1,Tripterygiidae,Enneapterygius philippinus,#445_Tripterygiidae_Enneapterygius_philippinus
752,1,Tripterygiidae,Enneapterygius signicauda,#445_Tripterygiidae_Enneapterygius_signicauda
753,0,Tripterygiidae,Enneapterygius similis spp complex,#445_Tripterygiidae_Enneapterygius_similis_spp_complex
754,1,Tripterygiidae,Enneapterygius sp cf leucopunctatus,#445_Tripterygiidae_Enneapterygius_sp_cf_leucopunctatus
755,1,Tripterygiidae,Enneapterygius sp cf philippinus,#445_Tripterygiidae_Enneapterygius_sp_cf_philippinus
756,0,Tripterygiidae,Enneapterygius sp cf sp1,#445_Tripterygiidae_Enneapterygius_sp_cf_sp1
757,1,Tripterygiidae,Enneapterygius sp cf unimaculatus,#445_Tripterygiidae_Enneapterygius_sp_cf_unimaculatus
758,1,Tripterygiidae,Enneapterygius sp1,#445_Tripterygiidae_Enneapterygius_sp1
759,1,Tripterygiidae,Enneapterygius sp2,#445_Tripterygiidae_Enneapterygius_sp2
760,0,Tripterygiidae,Enneapterygius sp3,#445_Tripterygiidae_Enneapterygius_sp3
761,1,Tripterygiidae,Enneapterygius sp4,#445_Tripterygiidae_Enneapterygius_sp4
762,0,Tripterygiidae,Enneapterygius sp5,#445_Tripterygiidae_Enneapterygius_sp5
763,1,Tripterygiidae,Enneapterygius sp6,#445_Tripterygiidae_Enneapterygius_sp6
764,1,Tripterygiidae,Enneapterygius sp7,#445_Tripterygiidae_Enneapterygius_sp7
765,0,Tripterygiidae,Enneapterygius tutuilae spp complex,#445_Tripterygiidae_Enneapterygius_tutuilae_spp_complex
766,1,Tripterygiidae,Enneapterygius unimaculatus,#445_Tripterygiidae_Enneapterygius_unimaculatus
767,1,Tripterygiidae,Helcogramma fuscipectoris,#445_Tripterygiidae_Helcogramma_fuscipectoris
768,0,Tripterygiidae,Helcogramma hudsoni,#445_Tripterygiidae_Helcogramma_hudsoni
769,1,Tripterygiidae,Helcogramma inclinata,#445_Tripterygiidae_Helcogramma_inclinata
770,1,Tripterygiidae,Helcogramma sp cf fuscipectoris,#445_Tripterygiidae_Helcogramma_sp_cf_fuscipectoris
771,1,Tripterygiidae,Helcogramma sp1,#445_Tripterygiidae_Helcogramma_sp1
772,0,Tripterygiidae,Helcogramma sp2,#445_Tripterygiidae_Helcogramma_sp2
773,0,Tripterygiidae,Helcogramma sp3,#445_Tripterygiidae_Helcogramma_sp3
774,0,Tripterygiidae,Helcogramma striata,#445_Tripterygiidae_Helcogramma_striata
775,1,Tripterygiidae,Springerichthys bapturus,#445_Tripterygiidae_Springerichthys_bapturus
776,0,Tripterygiidae,Ucla xenogrammus,#445_Tripterygiidae_Ucla_xenogrammus
777,1,Blenniidae,Alticus saliens,#447_Blenniidae_Alticus_saliens
778,1,Blenniidae,Andamia tetradactyla,#447_Blenniidae_Andamia_tetradactyla
779,1,Blenniidae,Atrosalarias fuscus holomelas,#447_Blenniidae_Atrosalarias_fuscus_holomelas
780,1,Blenniidae,Blenniella bilitonensis,#447_Blenniidae_Blenniella_bilitonensis
781,1,Blenniidae,Blenniella sp1,#447_Blenniidae_Blenniella_sp1
782,1,Blenniidae,Blenniella sp2,#447_Blenniidae_Blenniella_sp2
783,0,Blenniidae,Blenniella sp3,#447_Blenniidae_Blenniella_sp3
784,0,Blenniidae,Blenniidae sp1,#447_Blenniidae_Blenniidae_sp1
785,1,Blenniidae,Blenniidae sp2,#447_Blenniidae_Blenniidae_sp2
786,0,Blenniidae,Blenniidae sp3,#447_Blenniidae_Blenniidae_sp3
787,0,Blenniidae,Blenniidae sp4,#447_Blenniidae_Blenniidae_sp4
788,0,Blenniidae,Blenniidae sp5,#447_Blenniidae_Blenniidae_sp5
789,1,Blenniidae,Blenniiidae sp6,#447_Blenniidae_Blenniiidae_sp6
790,1,Blenniidae,Cirripectes castaneus,#447_Blenniidae_Cirripectes_castaneus
791,1,Blenniidae,Cirripectes imitator,#447_Blenniidae_Cirripectes_imitator
792,1,Blenniidae,Cirripectes sp1,#447_Blenniidae_Cirripectes_sp1
793,0,Blenniidae,Cirripectes sp2,#447_Blenniidae_Cirripectes_sp2
794,1,Blenniidae,Cirripectes sp4,#447_Blenniidae_Cirripectes_sp4
795,0,Blenniidae,Ecsenius bicolor,#447_Blenniidae_Ecsenius_bicolor
796,1,Blenniidae,Ecsenius oculus,#447_Blenniidae_Ecsenius_oculus
797,1,Blenniidae,Ecsenius yaeyamaensis,#447_Blenniidae_Ecsenius_yaeyamaensis
798,1,Blenniidae,Entomacrodus caudofasciatus,#447_Blenniidae_Entomacrodus_caudofasciatus
799,1,Blenniidae,Entomacrodus decussatus,#447_Blenniidae_Entomacrodus_decussatus
800,1,Blenniidae,Entomacrodus sp cf caudofasciatus,#447_Blenniidae_Entomacrodus_sp_cf_caudofasciatus
801,1,Blenniidae,Entomacrodus sp cf striatus,#447_Blenniidae_Entomacrodus_sp_cf_striatus
802,1,Blenniidae,Entomacrodus sp1,#447_Blenniidae_Entomacrodus_sp1
803,0,Blenniidae,Entomacrodus sp2,#447_Blenniidae_Entomacrodus_sp2
804,0,Blenniidae,Entomacrodus sp3,#447_Blenniidae_Entomacrodus_sp3
805,1,Blenniidae,Entomacrodus sp4,#447_Blenniidae_Entomacrodus_sp4
806,1,Blenniidae,Entomacrodus stellifer stellifer,#447_Blenniidae_Entomacrodus_stellifer_stellifer
807,1,Blenniidae,Entomacrodus striatus,#447_Blenniidae_Entomacrodus_striatus
808,1,Blenniidae,Exallias brevis,#447_Blenniidae_Exallias_brevis
809,1,Blenniidae,Istiblennius edentulus,#447_Blenniidae_Istiblennius_edentulus
810,1,Blenniidae,Istiblennius enosimae,#447_Blenniidae_Istiblennius_enosimae
811,0,Blenniidae,Istiblennius sp1,#447_Blenniidae_Istiblennius_sp1
812,1,Blenniidae,Istiblennius sp2,#447_Blenniidae_Istiblennius_sp2
813,0,Blenniidae,Meiacanthus kamoharai,#447_Blenniidae_Meiacanthus_kamoharai
814,1,Blenniidae,Nannosalarias nativitatis,#447_Blenniidae_Nannosalarias_nativitatis
815,0,Blenniidae,Nannosalarias sp,#447_Blenniidae_Nannosalarias_sp
816,1,Blenniidae,Omobranchus elegans,#447_Blenniidae_Omobranchus_elegans
817,1,Blenniidae,Omobranchus fasciolatoceps,#447_Blenniidae_Omobranchus_fasciolatoceps
818,1,Blenniidae,Omobranchus loxozonus,#447_Blenniidae_Omobranchus_loxozonus
819,1,Blenniidae,Omobranchus punctatus,#447_Blenniidae_Omobranchus_punctatus
820,0,Blenniidae,Omobranchus sp1,#447_Blenniidae_Omobranchus_sp1
821,1,Blenniidae,Omobranchus sp2,#447_Blenniidae_Omobranchus_sp2
822,1,Blenniidae,Parablennius yatabei,#447_Blenniidae_Parablennius_yatabei
823,1,Blenniidae,Petroscirtes breviceps,#447_Blenniidae_Petroscirtes_breviceps
824,1,Blenniidae,Petroscirtes mitratus,#447_Blenniidae_Petroscirtes_mitratus
825,0,Blenniidae,Petroscirtes sp,#447_Blenniidae_Petroscirtes_sp
826,0,Blenniidae,Plagiotremus tapeinosoma,#447_Blenniidae_Plagiotremus_tapeinosoma
827,1,Blenniidae,Praealticus bilineatus,#447_Blenniidae_Praealticus_bilineatus
828,1,Blenniidae,Praealticus tanegasimae,#447_Blenniidae_Praealticus_tanegasimae
829,1,Blenniidae,Rhabdoblennius nitidus,#447_Blenniidae_Rhabdoblennius_nitidus
830,1,Blenniidae,Rhabdoblennius sp cf nitidus,#447_Blenniidae_Rhabdoblennius_sp_cf_nitidus
831,1,Blenniidae,Salarias fasciatus,#447_Blenniidae_Salarias_fasciatus
832,1,Blenniidae,Salarias luctuosus,#447_Blenniidae_Salarias_luctuosus
833,1,Blenniidae,Salarias sinuosus,#447_Blenniidae_Salarias_sinuosus
834,1,Chaenopsidae,Neoclinus bryope,#450_Chaenopsidae_Neoclinus_bryope
835,0,Chaenopsidae,Neoclinus nudus,#450_Chaenopsidae_Neoclinus_nudus
836,1,Chaenopsidae,Neoclinus okazakii,#450_Chaenopsidae_Neoclinus_okazakii
837,1,Chaenopsidae,Neoclinus sp1,#450_Chaenopsidae_Neoclinus_sp1
838,0,Chaenopsidae,Neoclinus sp2,#450_Chaenopsidae_Neoclinus_sp2
839,1,Chaenopsidae,Neoclinus sp3,#450_Chaenopsidae_Neoclinus_sp3
840,1,Gobiesocidae,Aspasma minima,#452_Gobiesocidae_Aspasma_minima
841,1,Gobiesocidae,Conidens laticephalus,#452_Gobiesocidae_Conidens_laticephalus
842,0,Gobiesocidae,Discotrema lineatum,#452_Gobiesocidae_Discotrema_lineatum
843,1,Gobiesocidae,Gobiesocidae sp1,#452_Gobiesocidae_Gobiesocidae_sp1
844,1,Gobiesocidae,Gobiesocidae sp3,#452_Gobiesocidae_Gobiesocidae_sp3
845,0,Gobiesocidae,Gobiesocidae sp4,#452_Gobiesocidae_Gobiesocidae_sp4
846,1,Gobiesocidae,Gobiesocidae sp5,#452_Gobiesocidae_Gobiesocidae_sp5
847,1,Gobiesocidae,Lepadichthys frenatus,#452_Gobiesocidae_Lepadichthys_frenatus
848,1,Gobiesocidae,Pherallodus indicus,#452_Gobiesocidae_Pherallodus_indicus
849,0,Callionymidae,Callionymidae sp1,#453_Callionymidae_Callionymidae_sp1
850,0,Callionymidae,Callionymidae sp2,#453_Callionymidae_Callionymidae_sp2
851,0,Callionymidae,Callionymidae sp3,#453_Callionymidae_Callionymidae_sp3
852,0,Callionymidae,Callionymidae sp4,#453_Callionymidae_Callionymidae_sp4
853,0,Callionymidae,Callionymidae sp5,#453_Callionymidae_Callionymidae_sp5
854,1,Callionymidae,Callionymidae sp6,#453_Callionymidae_Callionymidae_sp6
855,0,Callionymidae,Callionymidae sp7,#453_Callionymidae_Callionymidae_sp7
856,1,Callionymidae,Callionymidae sp8,#453_Callionymidae_Callionymidae_sp8
857,0,Callionymidae,Diplogrammus xenicus,#453_Callionymidae_Diplogrammus_xenicus
858,0,Callionymidae,Neosynchiropus ocellatus,#453_Callionymidae_Neosynchiropus_ocellatus
859,1,Callionymidae,Paradiplogrammus enneactis,#453_Callionymidae_Paradiplogrammus_enneactis
860,0,Callionymidae,Repomucenus beniteguri,#453_Callionymidae_Repomucenus_beniteguri
861,1,Callionymidae,Repomucenus curvicornis,#453_Callionymidae_Repomucenus_curvicornis
862,1,Callionymidae,Repomucenus ornatipinnis,#453_Callionymidae_Repomucenus_ornatipinnis
863,0,Callionymidae,Repomucenus planus,#453_Callionymidae_Repomucenus_planus
864,1,Callionymidae,Repomucenus valenciennei,#453_Callionymidae_Repomucenus_valenciennei
865,0,Eleotridae,Bostrychus sinensis,#457_Eleotridae_Bostrychus_sinensis
866,0,Eleotridae,Eleotridae sp1,#457_Eleotridae_Eleotridae_sp1
867,0,Eleotridae,Eleotridae sp2,#457_Eleotridae_Eleotridae_sp2
868,0,Eleotridae,Eleotridae sp3,#457_Eleotridae_Eleotridae_sp3
869,1,Eleotridae,Eleotris acanthopoma,#457_Eleotridae_Eleotris_acanthopoma
870,0,Eleotridae,Eleotris fusca,#457_Eleotridae_Eleotris_fusca
871,0,Eleotridae,Eleotris melanosoma,#457_Eleotridae_Eleotris_melanosoma
872,0,Eleotridae,Eleotris oxycephala,#457_Eleotridae_Eleotris_oxycephala
873,0,Eleotridae,Ophiocara porocephala,#457_Eleotridae_Ophiocara_porocephala
874,0,Eleotridae,Ophiocara sp cf porocephala,#457_Eleotridae_Ophiocara_sp_cf_porocephala
875,0,Kraemeriidae,Kraemeria cunicularia,#459_Kraemeriidae_Kraemeria_cunicularia
876,0,Kraemeriidae,Kraemeriidae sp1,#459_Kraemeriidae_Kraemeriidae_sp1
877,0,Kraemeriidae,Kraemeriidae sp2,#459_Kraemeriidae_Kraemeriidae_sp2
878,1,Gobiidae,Acanthogobius flavimanus,#460_Gobiidae_Acanthogobius_flavimanus
879,1,Gobiidae,Acanthogobius hasta,#460_Gobiidae_Acanthogobius_hasta
880,1,Gobiidae,Acanthogobius lactipes,#460_Gobiidae_Acanthogobius_lactipes
881,0,Gobiidae,Acentrogobius janthinopterus,#460_Gobiidae_Acentrogobius_janthinopterus
882,1,Gobiidae,Acentrogobius pflaumii,#460_Gobiidae_Acentrogobius_pflaumii
883,1,Gobiidae,Acentrogobius virgatulus,#460_Gobiidae_Acentrogobius_virgatulus
884,1,Gobiidae,Amblychaeturichthys hexanema,#460_Gobiidae_Amblychaeturichthys_hexanema
885,0,Gobiidae,Amblychaeturichthys sciistius,#460_Gobiidae_Amblychaeturichthys_sciistius
886,0,Gobiidae,Amblyeleotris sp,#460_Gobiidae_Amblyeleotris_sp
887,0,Gobiidae,Amblyeleotris steinitzi,#460_Gobiidae_Amblyeleotris_steinitzi
888,0,Gobiidae,Amblyeleotris wheeleri,#460_Gobiidae_Amblyeleotris_wheeleri
889,1,Gobiidae,Amblygobius phalaena,#460_Gobiidae_Amblygobius_phalaena
890,0,Gobiidae,Amoya sp,#460_Gobiidae_Amoya_sp
891,0,Gobiidae,Asterropteryx ensifera,#460_Gobiidae_Asterropteryx_ensifera
892,1,Gobiidae,Asterropteryx semipunctata,#460_Gobiidae_Asterropteryx_semipunctata
893,0,Gobiidae,Barbuligobius boehlkei,#460_Gobiidae_Barbuligobius_boehlkei
894,1,Gobiidae,Bathygobius coalitus,#460_Gobiidae_Bathygobius_coalitus
895,1,Gobiidae,Bathygobius cocosensis,#460_Gobiidae_Bathygobius_cocosensis
896,0,Gobiidae,Bathygobius cyclopterus,#460_Gobiidae_Bathygobius_cyclopterus
897,0,Gobiidae,Bathygobius cyclopterus spp complex,#460_Gobiidae_Bathygobius_cyclopterus_spp_complex
898,1,Gobiidae,Bathygobius fuscus,#460_Gobiidae_Bathygobius_fuscus
899,0,Gobiidae,Bathygobius laddi,#460_Gobiidae_Bathygobius_laddi
900,0,Gobiidae,Bathygobius sp,#460_Gobiidae_Bathygobius_sp
901,0,Gobiidae,Boleophthalmus pectinirostris,#460_Gobiidae_Boleophthalmus_pectinirostris
902,0,Gobiidae,Cabillus lacertops,#460_Gobiidae_Cabillus_lacertops
903,1,Gobiidae,Cabillus sp,#460_Gobiidae_Cabillus_sp
904,1,Gobiidae,Callogobius okinawae,#460_Gobiidae_Callogobius_okinawae
905,0,Gobiidae,Callogobius sclateri,#460_Gobiidae_Callogobius_sclateri
906,1,Gobiidae,Callogobius shunkan,#460_Gobiidae_Callogobius_shunkan
907,0,Gobiidae,Callogobius sp1,#460_Gobiidae_Callogobius_sp1
908,0,Gobiidae,Callogobius sp2,#460_Gobiidae_Callogobius_sp2
909,0,Gobiidae,Callogobius sp3,#460_Gobiidae_Callogobius_sp3
910,0,Gobiidae,Callogobius sp4,#460_Gobiidae_Callogobius_sp4
911,1,Gobiidae,Callogobius tanegasimae,#460_Gobiidae_Callogobius_tanegasimae
912,1,Gobiidae,Chaenogobius annularis,#460_Gobiidae_Chaenogobius_annularis
913,1,Gobiidae,Chaenogobius gulosus,#460_Gobiidae_Chaenogobius_gulosus
914,0,Gobiidae,Chaeturichthys stigmatias,#460_Gobiidae_Chaeturichthys_stigmatias
915,1,Gobiidae,Clariger cosmurus,#460_Gobiidae_Clariger_cosmurus
916,0,Gobiidae,Clariger sp cf cosmurus,#460_Gobiidae_Clariger_sp_cf_cosmurus
917,1,Gobiidae,Clariger sp1,#460_Gobiidae_Clariger_sp1
918,1,Gobiidae,Clariger sp2,#460_Gobiidae_Clariger_sp2
919,0,Gobiidae,Clariger sp3,#460_Gobiidae_Clariger_sp3
920,1,Gobiidae,Clariger sp4,#460_Gobiidae_Clariger_sp4
921,1,Gobiidae,Clariger sp5,#460_Gobiidae_Clariger_sp5
922,0,Gobiidae,Clariger sp6,#460_Gobiidae_Clariger_sp6
923,0,Gobiidae,Clariger sp7,#460_Gobiidae_Clariger_sp7
924,1,Gobiidae,Clariger sp8,#460_Gobiidae_Clariger_sp8
925,1,Gobiidae,Clariger sp9,#460_Gobiidae_Clariger_sp9
926,0,Gobiidae,Cryptocentroides insignis,#460_Gobiidae_Cryptocentroides_insignis
927,0,Gobiidae,Cryptocentrus caeruleomaculatus,#460_Gobiidae_Cryptocentrus_caeruleomaculatus
928,0,Gobiidae,Cryptocentrus sp1,#460_Gobiidae_Cryptocentrus_sp1
929,0,Gobiidae,Cryptocentrus sp2,#460_Gobiidae_Cryptocentrus_sp2
930,1,Gobiidae,Ctenogobiops sp1,#460_Gobiidae_Ctenogobiops_sp1
931,1,Gobiidae,Ctenogobiops sp2,#460_Gobiidae_Ctenogobiops_sp2
932,0,Gobiidae,Drombus sp,#460_Gobiidae_Drombus_sp
933,0,Gobiidae,Eutaeniichthys gilli,#460_Gobiidae_Eutaeniichthys_gilli
934,1,Gobiidae,Eviota abax,#460_Gobiidae_Eviota_abax
935,0,Gobiidae,Eviota bifasciata,#460_Gobiidae_Eviota_bifasciata
936,0,Gobiidae,Eviota distigma,#460_Gobiidae_Eviota_distigma
937,1,Gobiidae,Eviota fasciola,#460_Gobiidae_Eviota_fasciola
938,0,Gobiidae,Eviota japonica,#460_Gobiidae_Eviota_japonica
939,0,Gobiidae,Eviota saipanensis,#460_Gobiidae_Eviota_saipanensis
940,1,Gobiidae,Eviota smaragdus,#460_Gobiidae_Eviota_smaragdus
941,0,Gobiidae,Eviota sp cf abax,#460_Gobiidae_Eviota_sp_cf_abax
942,0,Gobiidae,Eviota sp cf distigma,#460_Gobiidae_Eviota_sp_cf_distigma
943,1,Gobiidae,Eviota sp02,#460_Gobiidae_Eviota_sp02
944,0,Gobiidae,Eviota sp03,#460_Gobiidae_Eviota_sp03
945,1,Gobiidae,Eviota sp04,#460_Gobiidae_Eviota_sp04
946,1,Gobiidae,Eviota sp05,#460_Gobiidae_Eviota_sp05
947,1,Gobiidae,Eviota sp06,#460_Gobiidae_Eviota_sp06
948,1,Gobiidae,Eviota sp07,#460_Gobiidae_Eviota_sp07
949,1,Gobiidae,Eviota sp08,#460_Gobiidae_Eviota_sp08
950,0,Gobiidae,Eviota sp10,#460_Gobiidae_Eviota_sp10
951,1,Gobiidae,Eviota sp11,#460_Gobiidae_Eviota_sp11
952,1,Gobiidae,Eviota sp12,#460_Gobiidae_Eviota_sp12
953,1,Gobiidae,Eviota sp13,#460_Gobiidae_Eviota_sp13
954,1,Gobiidae,Favonigobius gymnauchen,#460_Gobiidae_Favonigobius_gymnauchen
955,0,Gobiidae,Favonigobius reichei,#460_Gobiidae_Favonigobius_reichei
956,1,Gobiidae,Glossogobius olivaceus,#460_Gobiidae_Glossogobius_olivaceus
957,0,Gobiidae,Gnatholepis anjerensis,#460_Gobiidae_Gnatholepis_anjerensis
958,1,Gobiidae,Gnatholepis cauerensis,#460_Gobiidae_Gnatholepis_cauerensis
959,1,Gobiidae,Gobiidae sp01,#460_Gobiidae_Gobiidae_sp01
960,0,Gobiidae,Gobiidae sp02,#460_Gobiidae_Gobiidae_sp02
961,1,Gobiidae,Gobiidae sp03,#460_Gobiidae_Gobiidae_sp03
962,0,Gobiidae,Gobiidae sp04,#460_Gobiidae_Gobiidae_sp04
963,0,Gobiidae,Gobiidae sp05,#460_Gobiidae_Gobiidae_sp05
964,1,Gobiidae,Gobiidae sp06,#460_Gobiidae_Gobiidae_sp06
965,1,Gobiidae,Gobiidae sp07,#460_Gobiidae_Gobiidae_sp07
966,0,Gobiidae,Gobiidae sp08,#460_Gobiidae_Gobiidae_sp08
967,0,Gobiidae,Gobiidae sp09,#460_Gobiidae_Gobiidae_sp09
968,0,Gobiidae,Gobiidae sp10,#460_Gobiidae_Gobiidae_sp10
969,0,Gobiidae,Gobiidae sp11,#460_Gobiidae_Gobiidae_sp11
970,0,Gobiidae,Gobiidae sp12,#460_Gobiidae_Gobiidae_sp12
971,0,Gobiidae,Gobiidae sp13,#460_Gobiidae_Gobiidae_sp13
972,0,Gobiidae,Gobiidae sp14,#460_Gobiidae_Gobiidae_sp14
973,0,Gobiidae,Gobiidae sp15,#460_Gobiidae_Gobiidae_sp15
974,1,Gobiidae,Gobiidae sp16,#460_Gobiidae_Gobiidae_sp16
975,0,Gobiidae,Gobiidae sp17,#460_Gobiidae_Gobiidae_sp17
976,1,Gobiidae,Gobiidae sp18,#460_Gobiidae_Gobiidae_sp18
977,0,Gobiidae,Gobiidae sp19,#460_Gobiidae_Gobiidae_sp19
978,0,Gobiidae,Gobiidae sp20,#460_Gobiidae_Gobiidae_sp20
979,1,Gobiidae,Gobiidae sp21,#460_Gobiidae_Gobiidae_sp21
980,0,Gobiidae,Gobiidae sp22,#460_Gobiidae_Gobiidae_sp22
981,0,Gobiidae,Gobiidae sp23,#460_Gobiidae_Gobiidae_sp23
982,0,Gobiidae,Gobiidae sp24,#460_Gobiidae_Gobiidae_sp24
983,0,Gobiidae,Gobiidae sp25,#460_Gobiidae_Gobiidae_sp25
984,1,Gobiidae,Gymnogobius breunigii,#460_Gobiidae_Gymnogobius_breunigii
985,0,Gobiidae,Gymnogobius castaneus,#460_Gobiidae_Gymnogobius_castaneus
986,1,Gobiidae,Gymnogobius heptacanthus,#460_Gobiidae_Gymnogobius_heptacanthus
987,0,Gobiidae,Gymnogobius macrognathos,#460_Gobiidae_Gymnogobius_macrognathos
988,0,Gobiidae,Gymnogobius mororanus,#460_Gobiidae_Gymnogobius_mororanus
989,1,Gobiidae,Gymnogobius opperiens,#460_Gobiidae_Gymnogobius_opperiens
990,1,Gobiidae,Gymnogobius petschiliensis,#460_Gobiidae_Gymnogobius_petschiliensis
991,0,Gobiidae,Gymnogobius sp1,#460_Gobiidae_Gymnogobius_sp1
992,1,Gobiidae,Gymnogobius sp2,#460_Gobiidae_Gymnogobius_sp2
993,1,Gobiidae,Gymnogobius sp3,#460_Gobiidae_Gymnogobius_sp3
994,1,Gobiidae,Gymnogobius sp4,#460_Gobiidae_Gymnogobius_sp4
995,1,Gobiidae,Gymnogobius sp5,#460_Gobiidae_Gymnogobius_sp5
996,1,Gobiidae,Gymnogobius sp6,#460_Gobiidae_Gymnogobius_sp6
997,0,Gobiidae,Gymnogobius uchidai,#460_Gobiidae_Gymnogobius_uchidai
998,1,Gobiidae,Gymnogobius urotaenia,#460_Gobiidae_Gymnogobius_urotaenia
999,1,Gobiidae,Istigobius campbelli,#460_Gobiidae_Istigobius_campbelli
1000,0,Gobiidae,Istigobius decoratus,#460_Gobiidae_Istigobius_decoratus
1001,1,Gobiidae,Istigobius hoshinonis,#460_Gobiidae_Istigobius_hoshinonis
1002,1,Gobiidae,Istigobius ornatus,#460_Gobiidae_Istigobius_ornatus
1003,0,Gobiidae,Leucopsarion petersii,#460_Gobiidae_Leucopsarion_petersii
1004,1,Gobiidae,Luciogobius elongatus,#460_Gobiidae_Luciogobius_elongatus
1005,0,Gobiidae,Luciogobius grandis-platycephalus spp complex,#460_Gobiidae_Luciogobius_grandis-platycephalus_spp_complex
1006,1,Gobiidae,Luciogobius guttatus typeA,#460_Gobiidae_Luciogobius_guttatus_typeA
1007,1,Gobiidae,Luciogobius guttatus typeB,#460_Gobiidae_Luciogobius_guttatus_typeB
1008,1,Gobiidae,Luciogobius saikaiensis,#460_Gobiidae_Luciogobius_saikaiensis
1009,1,Gobiidae,Luciogobius sp cf platycephalus,#460_Gobiidae_Luciogobius_sp_cf_platycephalus
1010,1,Gobiidae,Luciogobius sp cf saikaiensis,#460_Gobiidae_Luciogobius_sp_cf_saikaiensis
1011,0,Gobiidae,Luciogobius sp01,#460_Gobiidae_Luciogobius_sp01
1012,0,Gobiidae,Luciogobius sp03,#460_Gobiidae_Luciogobius_sp03
1013,0,Gobiidae,Luciogobius sp04,#460_Gobiidae_Luciogobius_sp04
1014,1,Gobiidae,Luciogobius sp05,#460_Gobiidae_Luciogobius_sp05
1015,1,Gobiidae,Luciogobius sp06,#460_Gobiidae_Luciogobius_sp06
1016,0,Gobiidae,Luciogobius sp07,#460_Gobiidae_Luciogobius_sp07
1017,1,Gobiidae,Luciogobius sp08,#460_Gobiidae_Luciogobius_sp08
1018,0,Gobiidae,Luciogobius sp09,#460_Gobiidae_Luciogobius_sp09
1019,1,Gobiidae,Luciogobius sp10,#460_Gobiidae_Luciogobius_sp10
1020,1,Gobiidae,Mugilogobius abei,#460_Gobiidae_Mugilogobius_abei
1021,0,Gobiidae,Mugilogobius sp,#460_Gobiidae_Mugilogobius_sp
1022,1,Gobiidae,Myersina filifer,#460_Gobiidae_Myersina_filifer
1023,0,Gobiidae,Myersina macrostoma,#460_Gobiidae_Myersina_macrostoma
1024,0,Gobiidae,Oplopomus oplopomus,#460_Gobiidae_Oplopomus_oplopomus
1025,0,Gobiidae,Oxudercinae sp,#460_Gobiidae_Oxudercinae_sp
1026,0,Gobiidae,Oxyurichthys lonchotus,#460_Gobiidae_Oxyurichthys_lonchotus
1027,0,Gobiidae,Pandaka sp,#460_Gobiidae_Pandaka_sp
1028,1,Gobiidae,Paratrypauchen microcephalus,#460_Gobiidae_Paratrypauchen_microcephalus
1029,0,Gobiidae,Periophthalmus argentilineatus,#460_Gobiidae_Periophthalmus_argentilineatus
1030,0,Gobiidae,Periophthalmus modestus,#460_Gobiidae_Periophthalmus_modestus
1031,0,Gobiidae,Pleurosicya bilobata,#460_Gobiidae_Pleurosicya_bilobata
1032,1,Gobiidae,Priolepis borea,#460_Gobiidae_Priolepis_borea
1033,0,Gobiidae,Priolepis cincta,#460_Gobiidae_Priolepis_cincta
1034,0,Gobiidae,Priolepis latifascima,#460_Gobiidae_Priolepis_latifascima
1035,1,Gobiidae,Priolepis semidoliata,#460_Gobiidae_Priolepis_semidoliata
1036,0,Gobiidae,Priolepis sp,#460_Gobiidae_Priolepis_sp
1037,0,Gobiidae,Pseudogobius masago,#460_Gobiidae_Pseudogobius_masago
1038,0,Gobiidae,Pseudogobius sp cf javanicus,#460_Gobiidae_Pseudogobius_sp_cf_javanicus
1039,1,Gobiidae,Pterogobius elapoides,#460_Gobiidae_Pterogobius_elapoides
1040,0,Gobiidae,Pterogobius virgo,#460_Gobiidae_Pterogobius_virgo
1041,1,Gobiidae,Pterogobius zacalles,#460_Gobiidae_Pterogobius_zacalles
1042,1,Gobiidae,Pterogobius zonoleucus typeA,#460_Gobiidae_Pterogobius_zonoleucus_typeA
1043,1,Gobiidae,Pterogobius zonoleucus typeB,#460_Gobiidae_Pterogobius_zonoleucus_typeB
1044,0,Gobiidae,Redigobius bikolanus,#460_Gobiidae_Redigobius_bikolanus
1045,1,Gobiidae,Rhinogobius similis,#460_Gobiidae_Rhinogobius_similis
1046,0,Gobiidae,Rhinogobius spp complex,#460_Gobiidae_Rhinogobius_spp_complex
1047,1,Gobiidae,Sagamia geneionema,#460_Gobiidae_Sagamia_geneionema
1048,1,Gobiidae,Sicyopterus japonicus,#460_Gobiidae_Sicyopterus_japonicus
1049,1,Gobiidae,Taenioides sp,#460_Gobiidae_Taenioides_sp
1050,0,Gobiidae,Tridentiger barbatus,#460_Gobiidae_Tridentiger_barbatus
1051,1,Gobiidae,Tridentiger bifasciatus,#460_Gobiidae_Tridentiger_bifasciatus
1052,1,Gobiidae,Tridentiger nudicervicus,#460_Gobiidae_Tridentiger_nudicervicus
1053,0,Gobiidae,Tridentiger obscurus spp complex,#460_Gobiidae_Tridentiger_obscurus_spp_complex
1054,1,Gobiidae,Tridentiger trigonocephalus,#460_Gobiidae_Tridentiger_trigonocephalus
1055,0,Gobiidae,Trimma sp,#460_Gobiidae_Trimma_sp
1056,0,Gobiidae,Trimmatom pharus,#460_Gobiidae_Trimmatom_pharus
1057,0,Gobiidae,Trypauchenopsis intermedia,#460_Gobiidae_Trypauchenopsis_intermedia
1058,1,Gobiidae,Valenciennea longipinnis,#460_Gobiidae_Valenciennea_longipinnis
1059,0,Gobiidae,Valenciennea puellaris,#460_Gobiidae_Valenciennea_puellaris
1060,0,Gobiidae,Valenciennea strigata,#460_Gobiidae_Valenciennea_strigata
1061,1,Gobiidae,Vanderhorstia phaeostictus,#460_Gobiidae_Vanderhorstia_phaeostictus
1062,0,Gobiidae,Vanderhorstia sp,#460_Gobiidae_Vanderhorstia_sp
1063,0,Gobiidae,Yongeichthys nebulosus,#460_Gobiidae_Yongeichthys_nebulosus
1064,0,Microdesmidae,Gunnellichthys sp,#461_Microdesmidae_Gunnellichthys_sp
1065,0,Ptereleotridae,Parioglossus dotui,#462_Ptereleotridae_Parioglossus_dotui
1066,0,Ptereleotridae,Parioglossus sp,#462_Ptereleotridae_Parioglossus_sp
1067,1,Ptereleotridae,Ptereleotris evides,#462_Ptereleotridae_Ptereleotris_evides
1068,0,Ptereleotridae,Ptereleotris microlepis,#462_Ptereleotridae_Ptereleotris_microlepis
1069,0,Ptereleotridae,Ptereleotris sp cf heteroptera,#462_Ptereleotridae_Ptereleotris_sp_cf_heteroptera
1070,0,Ptereleotridae,Ptereleotris sp1,#462_Ptereleotridae_Ptereleotris_sp1
1071,0,Ptereleotridae,Ptereleotris sp2,#462_Ptereleotridae_Ptereleotris_sp2
1072,0,Ptereleotridae,Ptereleotris sp3,#462_Ptereleotridae_Ptereleotris_sp3
1073,0,Ptereleotridae,Ptereleotris zebra,#462_Ptereleotridae_Ptereleotris_zebra
1074,0,Schindleriidae,Schindleria praematura,#463_Schindleriidae_Schindleria_praematura
1075,1,Schindleriidae,Schindleria sp1,#463_Schindleriidae_Schindleria_sp1
1076,0,Schindleriidae,Schindleria sp2,#463_Schindleriidae_Schindleria_sp2
1077,0,Schindleriidae,Schindleria sp3,#463_Schindleriidae_Schindleria_sp3
1078,0,Schindleriidae,Schindleria sp4,#463_Schindleriidae_Schindleria_sp4
1079,0,Ephippidae,Platax pinnatus,#465_Ephippidae_Platax_pinnatus
1080,0,Scatophagidae,Scatophagus argus,#466_Scatophagidae_Scatophagus_argus
1081,1,Siganidae,Siganus argenteus,#467_Siganidae_Siganus_argenteus
1082,1,Siganidae,Siganus fuscescens,#467_Siganidae_Siganus_fuscescens
1083,1,Siganidae,Siganus guttatus,#467_Siganidae_Siganus_guttatus
1084,1,Siganidae,Siganus punctatus,#467_Siganidae_Siganus_punctatus
1085,1,Siganidae,Siganus spinus,#467_Siganidae_Siganus_spinus
1086,1,Siganidae,Siganus virgatus,#467_Siganidae_Siganus_virgatus
1087,1,Zanclidae,Zanclus cornutus,#469_Zanclidae_Zanclus_cornutus
1088,1,Acanthuridae,Acanthurus blochii,#470_Acanthuridae_Acanthurus_blochii
1089,1,Acanthuridae,Acanthurus dussumieri,#470_Acanthuridae_Acanthurus_dussumieri
1090,1,Acanthuridae,Acanthurus guttatus,#470_Acanthuridae_Acanthurus_guttatus
1091,0,Acanthuridae,Acanthurus japonicus,#470_Acanthuridae_Acanthurus_japonicus
1092,1,Acanthuridae,Acanthurus leucopareius,#470_Acanthuridae_Acanthurus_leucopareius
1093,1,Acanthuridae,Acanthurus lineatus,#470_Acanthuridae_Acanthurus_lineatus
1094,0,Acanthuridae,Acanthurus mata,#470_Acanthuridae_Acanthurus_mata
1095,1,Acanthuridae,Acanthurus nigricauda,#470_Acanthuridae_Acanthurus_nigricauda
1096,1,Acanthuridae,Acanthurus nigrofuscus,#470_Acanthuridae_Acanthurus_nigrofuscus
1097,1,Acanthuridae,Acanthurus olivaceus,#470_Acanthuridae_Acanthurus_olivaceus
1098,1,Acanthuridae,Acanthurus sp1,#470_Acanthuridae_Acanthurus_sp1
1099,1,Acanthuridae,Acanthurus sp2,#470_Acanthuridae_Acanthurus_sp2
1100,0,Acanthuridae,Acanthurus sp3,#470_Acanthuridae_Acanthurus_sp3
1101,1,Acanthuridae,Acanthurus triostegus,#470_Acanthuridae_Acanthurus_triostegus
1102,1,Acanthuridae,Acanthurus xanthopterus typeNP,#470_Acanthuridae_Acanthurus_xanthopterus_typeNP
1103,1,Acanthuridae,Acanthurus xanthopterus typeSP,#470_Acanthuridae_Acanthurus_xanthopterus_typeSP
1104,1,Acanthuridae,Ctenochaetus binotatus,#470_Acanthuridae_Ctenochaetus_binotatus
1105,1,Acanthuridae,Ctenochaetus striatus,#470_Acanthuridae_Ctenochaetus_striatus
1106,0,Acanthuridae,Naso brachycentron-lopezi spp complex,#470_Acanthuridae_Naso_brachycentron-lopezi_spp_complex
1107,1,Acanthuridae,Naso hexacanthus,#470_Acanthuridae_Naso_hexacanthus
1108,1,Acanthuridae,Naso lituratus,#470_Acanthuridae_Naso_lituratus
1109,0,Acanthuridae,Naso maculatus,#470_Acanthuridae_Naso_maculatus
1110,0,Acanthuridae,Naso thynnoides,#470_Acanthuridae_Naso_thynnoides
1111,1,Acanthuridae,Naso unicornis,#470_Acanthuridae_Naso_unicornis
1112,1,Acanthuridae,Prionurus scalprum,#470_Acanthuridae_Prionurus_scalprum
1113,1,Acanthuridae,Zebrasoma flavescens,#470_Acanthuridae_Zebrasoma_flavescens
1114,1,Acanthuridae,Zebrasoma velifer,#470_Acanthuridae_Zebrasoma_velifer
1115,1,Sphyraenidae,Sphyraena barracuda,#472_Sphyraenidae_Sphyraena_barracuda
1116,0,Sphyraenidae,Sphyraena helleri,#472_Sphyraenidae_Sphyraena_helleri
1117,1,Sphyraenidae,Sphyraena japonica,#472_Sphyraenidae_Sphyraena_japonica
1118,1,Sphyraenidae,Sphyraena obtusata,#472_Sphyraenidae_Sphyraena_obtusata
1119,1,Sphyraenidae,Sphyraena pinguis,#472_Sphyraenidae_Sphyraena_pinguis
1120,0,Sphyraenidae,Sphyraena sp1,#472_Sphyraenidae_Sphyraena_sp1
1121,0,Sphyraenidae,Sphyraena sp2,#472_Sphyraenidae_Sphyraena_sp2
1122,1,Scombridae,Acanthocybium solandri,#475_Scombridae_Acanthocybium_solandri
1123,1,Scombridae,Auxis rochei,#475_Scombridae_Auxis_rochei
1124,1,Scombridae,Auxis thazard,#475_Scombridae_Auxis_thazard
1125,0,Scombridae,Euthynnus affinis,#475_Scombridae_Euthynnus_affinis
1126,1,Scombridae,Gymnosarda unicolor,#475_Scombridae_Gymnosarda_unicolor
1127,1,Scombridae,Rastrelliger kanagurta,#475_Scombridae_Rastrelliger_kanagurta
1128,1,Scombridae,Sarda orientalis,#475_Scombridae_Sarda_orientalis
1129,0,Scombridae,Scomber japonicus-australasicus spp complex,#475_Scombridae_Scomber_japonicus-australasicus_spp_complex
1130,1,Scombridae,Scomberomorus niphonius,#475_Scombridae_Scomberomorus_niphonius
1131,1,Paralichthyidae,Paralichthys olivaceus,#492_Paralichthyidae_Paralichthys_olivaceus
1132,0,Paralichthyidae,Pseudorhombus cinnamoneus,#492_Paralichthyidae_Pseudorhombus_cinnamoneus
1133,0,Paralichthyidae,Pseudorhombus oculocirris,#492_Paralichthyidae_Pseudorhombus_oculocirris
1134,0,Paralichthyidae,Pseudorhombus pentophthalmus,#492_Paralichthyidae_Pseudorhombus_pentophthalmus
1135,0,Paralichthyidae,Pseudorhombus sp,#492_Paralichthyidae_Pseudorhombus_sp
1136,0,Pleuronectidae,Eopsetta grigorjewi,#493_Pleuronectidae_Eopsetta_grigorjewi
1137,1,Pleuronectidae,Glyptocephalus stelleri,#493_Pleuronectidae_Glyptocephalus_stelleri
1138,1,Pleuronectidae,Hippoglossoides dubius,#493_Pleuronectidae_Hippoglossoides_dubius
1139,1,Pleuronectidae,Kareius bicoloratus,#493_Pleuronectidae_Kareius_bicoloratus
1140,1,Pleuronectidae,Microstomus achne,#493_Pleuronectidae_Microstomus_achne
1141,1,Pleuronectidae,Platichthys stellatus,#493_Pleuronectidae_Platichthys_stellatus
1142,0,Pleuronectidae,Pleuronectes mochigarei,#493_Pleuronectidae_Pleuronectes_mochigarei
1143,1,Pleuronectidae,Pleuronectes punctatissimus,#493_Pleuronectidae_Pleuronectes_punctatissimus
1144,0,Pleuronectidae,Pleuronectes quadrituberculatus,#493_Pleuronectidae_Pleuronectes_quadrituberculatus
1145,1,Pleuronectidae,Pleuronectes schrenki,#493_Pleuronectidae_Pleuronectes_schrenki
1146,0,Pleuronectidae,Pleuronichthys cornutus,#493_Pleuronectidae_Pleuronichthys_cornutus
1147,0,Pleuronectidae,Pleuronichthys lighti,#493_Pleuronectidae_Pleuronichthys_lighti
1148,1,Pleuronectidae,Pseudopleuronectes obscurus,#493_Pleuronectidae_Pseudopleuronectes_obscurus
1149,1,Pleuronectidae,Pseudopleuronectes yokohamae,#493_Pleuronectidae_Pseudopleuronectes_yokohamae
1150,1,Pleuronectidae,Verasper moseri,#493_Pleuronectidae_Verasper_moseri
1151,0,Pleuronectidae,Verasper variegatus,#493_Pleuronectidae_Verasper_variegatus
1152,0,Bothidae,Bothus mancus,#494_Bothidae_Bothus_mancus
1153,1,Bothidae,Bothus pantherinus,#494_Bothidae_Bothus_pantherinus
1154,0,Bothidae,Bothus sp cf pantherinus,#494_Bothidae_Bothus_sp_cf_pantherinus
1155,0,Bothidae,Tosarhombus sp,#494_Bothidae_Tosarhombus_sp
1156,0,Soleidae,Aseraggodes kobensis,#501_Soleidae_Aseraggodes_kobensis
1157,1,Soleidae,Heteromycteris japonicus,#501_Soleidae_Heteromycteris_japonicus
1158,0,Soleidae,Pseudaesopia japonica,#501_Soleidae_Pseudaesopia_japonica
1159,0,Soleidae,Zebrias zebrinus,#501_Soleidae_Zebrias_zebrinus
1160,0,Cynoglossidae,Cynoglossus bilineatus,#502_Cynoglossidae_Cynoglossus_bilineatus
1161,1,Cynoglossidae,Paraplagusia japonica,#502_Cynoglossidae_Paraplagusia_japonica
1162,1,Triacanthidae,Triacanthus biaculeatus,#504_Triacanthidae_Triacanthus_biaculeatus
1163,1,Balistidae,Balistapus undulatus,#505_Balistidae_Balistapus_undulatus
1164,0,Balistidae,Balistoides conspicillum,#505_Balistidae_Balistoides_conspicillum
1165,0,Balistidae,Melichthys niger-vidua spp complex,#505_Balistidae_Melichthys_niger-vidua_spp_complex
1166,0,Balistidae,Odonus niger,#505_Balistidae_Odonus_niger
1167,1,Balistidae,Pseudobalistes flavimarginatus,#505_Balistidae_Pseudobalistes_flavimarginatus
1168,0,Balistidae,Pseudobalistes fuscus,#505_Balistidae_Pseudobalistes_fuscus
1169,1,Balistidae,Rhinecanthus aculeatus,#505_Balistidae_Rhinecanthus_aculeatus
1170,1,Balistidae,Rhinecanthus rectangulus,#505_Balistidae_Rhinecanthus_rectangulus
1171,1,Balistidae,Rhinecanthus verrucosus,#505_Balistidae_Rhinecanthus_verrucosus
1172,0,Balistidae,Sufflamen bursa,#505_Balistidae_Sufflamen_bursa
1173,1,Balistidae,Sufflamen chrysopterum,#505_Balistidae_Sufflamen_chrysopterum
1174,0,Balistidae,Sufflamen fraenatum,#505_Balistidae_Sufflamen_fraenatum
1175,0,Balistidae,Xanthichthys lineopunctatus,#505_Balistidae_Xanthichthys_lineopunctatus
1176,1,Balistidae,Xanthichthys mento,#505_Balistidae_Xanthichthys_mento
1177,0,Monacanthidae,Acreichthys sp,#506_Monacanthidae_Acreichthys_sp
1178,0,Monacanthidae,Aluterus monoceros,#506_Monacanthidae_Aluterus_monoceros
1179,1,Monacanthidae,Aluterus scriptus,#506_Monacanthidae_Aluterus_scriptus
1180,0,Monacanthidae,Amanses scopas,#506_Monacanthidae_Amanses_scopas
1181,1,Monacanthidae,Cantherhines dumerilii,#506_Monacanthidae_Cantherhines_dumerilii
1182,1,Monacanthidae,Cantherhines pardalis,#506_Monacanthidae_Cantherhines_pardalis
1183,0,Monacanthidae,Paraluteres prionurus,#506_Monacanthidae_Paraluteres_prionurus
1184,1,Monacanthidae,Paramonacanthus japonicus,#506_Monacanthidae_Paramonacanthus_japonicus
1185,0,Monacanthidae,Pervagor janthinosoma,#506_Monacanthidae_Pervagor_janthinosoma
1186,1,Monacanthidae,Rudarius ercodes,#506_Monacanthidae_Rudarius_ercodes
1187,1,Monacanthidae,Stephanolepis cirrhifer,#506_Monacanthidae_Stephanolepis_cirrhifer
1188,0,Monacanthidae,Thamnaconus hypergyreus,#506_Monacanthidae_Thamnaconus_hypergyreus
1189,1,Monacanthidae,Thamnaconus modestus,#506_Monacanthidae_Thamnaconus_modestus
1190,1,Ostraciidae,Lactoria diaphana,#507_Ostraciidae_Lactoria_diaphana
1191,1,Ostraciidae,Ostracion immaculatum,#507_Ostraciidae_Ostracion_immaculatum
1192,0,Ostraciidae,Ostracion meleagris,#507_Ostraciidae_Ostracion_meleagris
1193,0,Ostraciidae,Tetrosomus concatenatus,#507_Ostraciidae_Tetrosomus_concatenatus
1194,1,Ostraciidae,Tetrosomus sp,#507_Ostraciidae_Tetrosomus_sp
1195,1,Tetraodontidae,Arothron hispidus,#509_Tetraodontidae_Arothron_hispidus
1196,0,Tetraodontidae,Arothron manilensis,#509_Tetraodontidae_Arothron_manilensis
1197,0,Tetraodontidae,Arothron mappa,#509_Tetraodontidae_Arothron_mappa
1198,1,Tetraodontidae,Arothron nigropunctatus,#509_Tetraodontidae_Arothron_nigropunctatus
1199,1,Tetraodontidae,Canthigaster amboinensis,#509_Tetraodontidae_Canthigaster_amboinensis
1200,1,Tetraodontidae,Canthigaster axiologus,#509_Tetraodontidae_Canthigaster_axiologus
1201,0,Tetraodontidae,Canthigaster janthinoptera,#509_Tetraodontidae_Canthigaster_janthinoptera
1202,1,Tetraodontidae,Canthigaster rivulata,#509_Tetraodontidae_Canthigaster_rivulata
1203,0,Tetraodontidae,Canthigaster rostrata?,#509_Tetraodontidae_Canthigaster_rostrata
1204,1,Tetraodontidae,Canthigaster valentini,#509_Tetraodontidae_Canthigaster_valentini
1205,0,Tetraodontidae,Chelonodon patoca,#509_Tetraodontidae_Chelonodon_patoca
1206,0,Tetraodontidae,Lagocephalus spadiceus,#509_Tetraodontidae_Lagocephalus_spadiceus
1207,0,Tetraodontidae,Takifugu alboplumbeus,#509_Tetraodontidae_Takifugu_niphobles
1208,1,Tetraodontidae,Takifugu niphobles,#509_Tetraodontidae_Takifugu_alboplumbeus
1209,0,Tetraodontidae,Takifugu ocellatus,#509_Tetraodontidae_Takifugu_ocellatus
1210,1,Tetraodontidae,Takifugu porphyreus,#509_Tetraodontidae_Takifugu_porphyreus
1211,0,Tetraodontidae,Takifugu snyderi-stictonotus spp complex,#509_Tetraodontidae_Takifugu_snyderi-stictonotus_spp_complex
1212,0,Tetraodontidae,Takifugu sp1,#509_Tetraodontidae_Takifugu_sp1
1213,0,Tetraodontidae,Takifugu spp complex #1,#509_Tetraodontidae_Takifugu_spp_complex_1
1214,0,Tetraodontidae,Takifugu spp complex #2,#509_Tetraodontidae_Takifugu_spp_complex_2
1215,1,Diodontidae,Chilomycterus reticulatus,#510_Diodontidae_Chilomycterus_reticulatus
1216,1,Diodontidae,Diodon holocanthus,#510_Diodontidae_Diodon_holocanthus
1217,1,Diodontidae,Diodon hystrix,#510_Diodontidae_Diodon_hystrix
1218,1,Diodontidae,Diodon liturosus,#510_Diodontidae_Diodon_liturosus
1219,0,Molidae,Mola alexandrini,#511_Molidae_Mola_alexandrini
1220,0,Molidae,Mola mola,#511_Molidae_Mola_mola
